{
  "stats": {
    "submitted": 10,
    "finished": 10,
    "running": 0
  },
  "data": [
    [
      1,
      null,
      209652396,
      null,
      1102.7877872130716,
      1.5497207641601562e-05,
      1,
      1692037007.4518504,
      1692037007.453211,
      {}
    ],
    [
      2,
      null,
      209652396,
      null,
      2232.15526287294,
      1.430511474609375e-05,
      1,
      1692037007.4604774,
      1692037007.4610305,
      {}
    ],
    [
      3,
      null,
      209652396,
      null,
      1454.6915082871142,
      1.1444091796875e-05,
      1,
      1692037007.502282,
      1692037007.50333,
      {}
    ],
    [
      4,
      null,
      209652396,
      null,
      2752.076657768299,
      6.9141387939453125e-06,
      1,
      1692037007.5516918,
      1692037007.5521483,
      {}
    ],
    [
      5,
      null,
      209652396,
      null,
      929.0022475999949,
      7.152557373046875e-06,
      1,
      1692037007.5730119,
      1692037007.5739076,
      {}
    ],
    [
      6,
      null,
      209652396,
      null,
      63.020490708456556,
      7.3909759521484375e-06,
      1,
      1692037007.6067114,
      1692037007.6073542,
      {}
    ],
    [
      7,
      null,
      209652396,
      null,
      3143.6830054292914,
      1.1682510375976562e-05,
      1,
      1692037007.653342,
      1692037007.6544526,
      {}
    ],
    [
      8,
      null,
      209652396,
      null,
      3776.0187157765795,
      8.106231689453125e-06,
      1,
      1692037007.7091243,
      1692037007.7104719,
      {}
    ],
    [
      9,
      null,
      209652396,
      null,
      824.3869631431393,
      6.9141387939453125e-06,
      1,
      1692037007.76969,
      1692037007.770414,
      {}
    ],
    [
      10,
      null,
      209652396,
      null,
      17254.934430969333,
      6.4373016357421875e-06,
      1,
      1692037007.7909713,
      1692037007.7914283,
      {}
    ]
  ],
  "configs": {
    "1": {
      "x0": -0.9968221839517355,
      "x1": 4.30847043171525
    },
    "2": {
      "x0": 3.232202558909872,
      "x1": 5.7278404955862925
    },
    "3": {
      "x0": -1.235537220277799,
      "x1": 5.33403680128678
    },
    "4": {
      "x0": -3.347649880239371,
      "x1": 5.978782484404878
    },
    "5": {
      "x0": -0.727882960760458,
      "x1": 3.5728658027274935
    },
    "6": {
      "x0": -1.4826185692463554,
      "x1": 2.9521942649462583
    },
    "7": {
      "x0": -0.30232619212151945,
      "x1": 5.696744070383421
    },
    "8": {
      "x0": -3.4996810672347527,
      "x1": 6.119332546949304
    },
    "9": {
      "x0": -2.913098137622675,
      "x1": 5.641717046067724
    },
    "10": {
      "x0": -3.915773691862615,
      "x1": 2.2066809989710556
    }
  },
  "config_origins": {
    "1": "Initial Design: Sobol",
    "2": null,
    "3": "Acquisition Function Maximizer: Local Search",
    "4": "Acquisition Function Maximizer: Local Search",
    "5": "Acquisition Function Maximizer: Local Search",
    "6": "Acquisition Function Maximizer: Local Search",
    "7": "Acquisition Function Maximizer: Local Search",
    "8": "Acquisition Function Maximizer: Local Search",
    "9": "Acquisition Function Maximizer: Local Search",
    "10": "Acquisition Function Maximizer: Local Search"
  }
}