{
  "stats": {
    "submitted": 32,
    "finished": 32,
    "running": 0
  },
  "data": [
    [
      1,
      null,
      209652396,
      null,
      104.0,
      0.00022745132446289062,
      1,
      1692851495.1240242,
      1692851495.124981,
      {}
    ],
    [
      2,
      null,
      209652396,
      null,
      57616.0,
      0.0004131793975830078,
      1,
      1692851495.1351511,
      1692851495.1363437,
      {}
    ],
    [
      3,
      null,
      209652396,
      null,
      624164.0,
      2.09808349609375e-05,
      1,
      1692851495.1583626,
      1692851495.1590118,
      {}
    ],
    [
      4,
      null,
      209652396,
      null,
      57636.0,
      4.5299530029296875e-05,
      1,
      1692851495.1768591,
      1692851495.1779284,
      {}
    ],
    [
      5,
      null,
      209652396,
      null,
      109.0,
      9.417533874511719e-05,
      1,
      1692851495.1875732,
      1692851495.1890757,
      {}
    ],
    [
      6,
      null,
      209652396,
      null,
      396949.0,
      2.384185791015625e-05,
      1,
      1692851495.2100763,
      1692851495.2110186,
      {}
    ],
    [
      7,
      null,
      209652396,
      null,
      19609.0,
      1.8358230590820312e-05,
      1,
      1692851495.2188275,
      1692851495.2194593,
      {}
    ],
    [
      8,
      null,
      209652396,
      null,
      901.0,
      1.8358230590820312e-05,
      1,
      1692851495.2407186,
      1692851495.2412686,
      {}
    ],
    [
      9,
      null,
      209652396,
      null,
      100.0,
      0.00020122528076171875,
      1,
      1692851495.2500653,
      1692851495.2508385,
      {}
    ],
    [
      10,
      null,
      209652396,
      null,
      4904.0,
      2.384185791015625e-05,
      1,
      1692851495.2730184,
      1692851495.2737997,
      {}
    ],
    [
      11,
      null,
      209652396,
      null,
      220936.0,
      4.649162292480469e-05,
      1,
      1692851495.2832682,
      1692851495.284249,
      {}
    ],
    [
      12,
      null,
      209652396,
      null,
      6416.0,
      0.0006890296936035156,
      1,
      1692851495.3049765,
      1692851495.3062856,
      {}
    ],
    [
      13,
      null,
      209652396,
      null,
      19625.0,
      7.939338684082031e-05,
      1,
      1692851495.3154323,
      1692851495.3162692,
      {}
    ],
    [
      14,
      null,
      209652396,
      null,
      980181.0,
      3.337860107421875e-05,
      1,
      1692851495.337976,
      1692851495.3391554,
      {}
    ],
    [
      15,
      null,
      209652396,
      null,
      108925.0,
      8.702278137207031e-05,
      1,
      1692851495.3496206,
      1692851495.3515422,
      {}
    ],
    [
      16,
      null,
      209652396,
      null,
      101.0,
      0.00032591819763183594,
      1,
      1692851495.3722024,
      1692851495.3738704,
      {}
    ],
    [
      17,
      null,
      209652396,
      null,
      901.0,
      0.00044465065002441406,
      1,
      1692851495.3925862,
      1692851495.3937898,
      {}
    ],
    [
      18,
      null,
      209652396,
      null,
      122525.0,
      6.461143493652344e-05,
      1,
      1692851495.4043198,
      1692851495.4051588,
      {}
    ],
    [
      19,
      null,
      209652396,
      null,
      960481.0,
      0.0003592967987060547,
      1,
      1692851495.4560213,
      1692851495.4579458,
      {}
    ],
    [
      20,
      null,
      209652396,
      null,
      22525.0,
      2.8133392333984375e-05,
      1,
      1692851495.485488,
      1692851495.4863746,
      {}
    ],
    [
      21,
      null,
      209652396,
      null,
      401.0,
      0.0003199577331542969,
      1,
      1692851496.0364158,
      1692851496.0377088,
      {}
    ],
    [
      22,
      null,
      209652396,
      null,
      1488401.0,
      0.0003540515899658203,
      1,
      1692851496.053487,
      1692851496.054369,
      {}
    ],
    [
      23,
      null,
      209652396,
      null,
      1562500.0,
      1.8596649169921875e-05,
      1,
      1692851496.0756152,
      1692851496.076212,
      {}
    ],
    [
      24,
      null,
      209652396,
      null,
      1587601.0,
      1.9550323486328125e-05,
      1,
      1692851496.0847366,
      1692851496.0852737,
      {}
    ],
    [
      25,
      null,
      209652396,
      null,
      1020136.0,
      1.811981201171875e-05,
      1,
      1692851496.096123,
      1692851496.0966735,
      {}
    ],
    [
      26,
      null,
      209652396,
      null,
      592936.0,
      1.9311904907226562e-05,
      1,
      1692851496.118255,
      1692851496.118856,
      {}
    ],
    [
      27,
      null,
      209652396,
      null,
      67681.0,
      2.5033950805664062e-05,
      1,
      1692851496.1287458,
      1692851496.129697,
      {}
    ],
    [
      28,
      null,
      209652396,
      null,
      1.0,
      4.4345855712890625e-05,
      1,
      1692851496.1519034,
      1692851496.153985,
      {}
    ],
    [
      29,
      null,
      209652396,
      null,
      401.0,
      0.00032591819763183594,
      1,
      1692851496.64755,
      1692851496.6485982,
      {}
    ],
    [
      30,
      null,
      209652396,
      null,
      100.0,
      7.891654968261719e-05,
      1,
      1692851496.669776,
      1692851496.670434,
      {}
    ],
    [
      31,
      null,
      209652396,
      null,
      1601.0,
      0.00035762786865234375,
      1,
      1692851496.6797674,
      1692851496.6807227,
      {}
    ],
    [
      32,
      null,
      209652396,
      null,
      810025.0,
      0.00010633468627929688,
      1,
      1692851496.69084,
      1692851496.6915689,
      {}
    ]
  ],
  "configs": {
    "1": {
      "x0": -1,
      "x1": 2
    },
    "2": {
      "x0": 5,
      "x1": 1
    },
    "3": {
      "x0": 9,
      "x1": 2
    },
    "4": {
      "x0": -5,
      "x1": 1
    },
    "5": {
      "x0": -2,
      "x1": 3
    },
    "6": {
      "x0": 8,
      "x1": 1
    },
    "7": {
      "x0": 4,
      "x1": 2
    },
    "8": {
      "x0": 2,
      "x1": 1
    },
    "9": {
      "x0": 1,
      "x1": 2
    },
    "10": {
      "x0": 3,
      "x1": 2
    },
    "11": {
      "x0": 7,
      "x1": 2
    },
    "12": {
      "x0": -3,
      "x1": 1
    },
    "13": {
      "x0": -4,
      "x1": 2
    },
    "14": {
      "x0": 10,
      "x1": 1
    },
    "15": {
      "x0": 6,
      "x1": 3
    },
    "16": {
      "x0": 0,
      "x1": 1
    },
    "17": {
      "x0": 0,
      "x1": 3
    },
    "18": {
      "x0": 6,
      "x1": 1
    },
    "19": {
      "x0": 10,
      "x1": 2
    },
    "20": {
      "x0": -4,
      "x1": 1
    },
    "21": {
      "x0": 0,
      "x1": 2
    },
    "22": {
      "x0": 2,
      "x1": 126
    },
    "23": {
      "x0": 1,
      "x1": 126
    },
    "24": {
      "x0": 0,
      "x1": 126
    },
    "25": {
      "x0": -5,
      "x1": 126
    },
    "26": {
      "x0": 7,
      "x1": 126
    },
    "27": {
      "x0": 10,
      "x1": 126
    },
    "28": {
      "x0": 0,
      "x1": 0
    },
    "29": {
      "x0": 2,
      "x1": 2
    },
    "30": {
      "x0": 1,
      "x1": 0
    },
    "31": {
      "x0": 2,
      "x1": 0
    },
    "32": {
      "x0": 6,
      "x1": 126
    }
  },
  "config_origins": {
    "1": "Initial Design: Sobol",
    "2": "Initial Design: Sobol",
    "3": "Initial Design: Sobol",
    "4": "Initial Design: Sobol",
    "5": "Initial Design: Sobol",
    "6": "Initial Design: Sobol",
    "7": "Initial Design: Sobol",
    "8": "Initial Design: Sobol",
    "9": "Initial Design: Sobol",
    "10": "Initial Design: Sobol",
    "11": "Initial Design: Sobol",
    "12": "Initial Design: Sobol",
    "13": "Initial Design: Sobol",
    "14": "Initial Design: Sobol",
    "15": "Initial Design: Sobol",
    "16": "Initial Design: Sobol",
    "17": "Initial Design: Sobol",
    "18": "Initial Design: Sobol",