{
  "stats": {
    "submitted": 24,
    "finished": 24,
    "running": 0
  },
  "data": [
    [
      1,
      null,
      209652396,
      null,
      4.0,
      0.00021767616271972656,
      1,
      1692896616.4060962,
      1692896616.4070914,
      {}
    ],
    [
      2,
      null,
      209652396,
      null,
      6266.0,
      2.4557113647460938e-05,
      1,
      1692896616.4154668,
      1692896616.41607,
      {}
    ],
    [
      3,
      null,
      209652396,
      null,
      64064.0,
      1.8835067749023438e-05,
      1,
      1692896616.4279337,
      1692896616.4284701,
      {}
    ],
    [
      4,
      null,
      209652396,
      null,
      6286.0,
      3.719329833984375e-05,
      1,
      1692896616.4504116,
      1692896616.4514472,
      {}
    ],
    [
      5,
      null,
      209652396,
      null,
      99.0,
      2.09808349609375e-05,
      1,
      1692896616.4512355,
      1692896616.452009,
      {}
    ],
    [
      6,
      null,
      209652396,
      null,
      41009.0,
      1.7404556274414062e-05,
      1,
      1692896616.47245,
      1692896616.4729807,
      {}
    ],
    [
      7,
      null,
      209652396,
      null,
      2259.0,
      5.0067901611328125e-05,
      1,
      1692896616.4823527,
      1692896616.4831545,
      {}
    ],
    [
      8,
      null,
      209652396,
      null,
      161.0,
      0.0012276172637939453,
      1,
      1692896616.493151,
      1692896616.495182,
      {}
    ],
    [
      9,
      null,
      209652396,
      null,
      0.0,
      1.9311904907226562e-05,
      1,
      1692896616.5153265,
      1692896616.5158975,
      {}
    ],
    [
      10,
      null,
      209652396,
      null,
      814.0,
      0.0007812976837158203,
      1,
      1692896616.5288098,
      1692896616.530115,
      {}
    ],
    [
      11,
      null,
      209652396,
      null,
      23076.0,
      2.4318695068359375e-05,
      1,
      1692896616.549581,
      1692896616.5508075,
      {}
    ],
    [
      12,
      null,
      209652396,
      null,
      826.0,
      2.0742416381835938e-05,
      1,
      1692896616.5623348,
      1692896616.5630286,
      {}
    ],
    [
      13,
      null,
      209652396,
      null,
      2275.0,
      2.2411346435546875e-05,
      1,
      1692896616.5831506,
      1692896616.584342,
      {}
    ],
    [
      14,
      null,
      209652396,
      null,
      100081.0,
      0.00010824203491210938,
      1,
      1692896616.594517,
      1692896616.595896,
      {}
    ],
    [
      15,
      null,
      209652396,
      null,
      12275.0,
      3.647804260253906e-05,
      1,
      1692896616.6161506,
      1692896616.6169152,
      {}
    ],
    [
      16,
      null,
      209652396,
      null,
      1.0,
      4.220008850097656e-05,
      1,
      1692896616.6273863,
      1692896616.6285632,
      {}
    ],
    [
      17,
      null,
      209652396,
      null,
      11.0,
      9.918212890625e-05,
      1,
      1692896616.637656,
      1692896616.6388516,
      {}
    ],
    [
      18,
      null,
      209652396,
      null,
      12985.0,
      1.8358230590820312e-05,
      1,
      1692896616.6480496,
      1692896616.6485982,
      {}
    ],
    [
      19,
      null,
      209652396,
      null,
      98091.0,
      1.8835067749023438e-05,
      1,
      1692896616.6687217,
      1692896616.6694741,
      {}
    ],
    [
      20,
      null,
      209652396,
      null,
      2585.0,
      3.6716461181640625e-05,
      1,
      1692896616.6801567,
      1692896616.6809216,
      {}
    ],
    [
      21,
      null,
      209652396,
      null,
      28091.0,
      0.0006759166717529297,
      1,
      1692896617.3212311,
      1692896617.322584,
      {}
    ],
    [
      22,
      null,
      209652396,
      null,
      10926.0,
      0.00027298927307128906,
      1,
      1692896617.3446248,
      1692896617.346175,
      {}
    ],
    [
      23,
      null,
      209652396,
      null,
      846.0,
      0.0007450580596923828,
      1,
      1692896617.7765183,
      1692896617.7788503,
      {}
    ],
    [
      24,
      null,
      209652396,
      null,
      17721.0,
      0.0006146430969238281,
      1,
      1692896617.8081312,
      1692896617.80962,
      {}
    ]
  ],
  "configs": {
    "1": {
      "x0": -1,
      "x1": 1
    },
    "2": {
      "x0": 5,
      "x1": 0
    },
    "3": {
      "x0": 9,
      "x1": 1
    },
    "4": {
      "x0": -5,
      "x1": 0
    },
    "5": {
      "x0": -2,
      "x1": 1
    },
    "6": {
      "x0": 8,
      "x1": 0
    },
    "7": {
      "x0": 4,
      "x1": 1
    },
    "8": {
      "x0": 2,
      "x1": 0
    },
    "9": {
      "x0": 1,
      "x1": 1
    },
    "10": {
      "x0": 3,
      "x1": 0
    },
    "11": {
      "x0": 7,
      "x1": 1
    },
    "12": {
      "x0": -3,
      "x1": 0
    },
    "13": {
      "x0": -4,
      "x1": 1
    },
    "14": {
      "x0": 10,
      "x1": 0
    },
    "15": {
      "x0": 6,
      "x1": 1
    },
    "16": {
      "x0": 0,
      "x1": 0
    },
    "17": {
      "x0": 0,
      "x1": 1
    },
    "18": {
      "x0": 6,
      "x1": 0
    },
    "19": {
      "x0": 10,
      "x1": 1
    },
    "20": {
      "x0": -4,
      "x1": 0
    },
    "21": {
      "x0": 2,
      "x1": 57
    },
    "22": {
      "x0": -5,
      "x1": 58
    },
    "23": {
      "x0": 7,
      "x1": 58
    },
    "24": {
      "x0": 10,
      "x1": 58
    }
  },
  "config_origins": {
    "1": "Initial Design: Sobol",
    "2": "Initial Design: Sobol",
    "3": "Initial Design: Sobol",
    "4": "Initial Design: Sobol",
    "5": "Initial Design: Sobol",
    "6": "Initial Design: Sobol",
    "7": "Initial Design: Sobol",
    "8": "Initial Design: Sobol",
    "9": "Initial Design: Sobol",
    "10": "Initial Design: Sobol",
    "11": "Initial Design: Sobol",
    "12": "Initial Design: Sobol",
    "13": "Initial Design: Sobol",
    "14": "Initial Design: Sobol",
    "15": "Initial Design: Sobol",
    "16": "Initial Design: Sobol",
    "17": "Initial Design: Sobol",
    "18": "Initial Design: Sobol",
    "19": "Initial Design: Sobol",
    "20": "Initial Design: Sobol",
    "21": "Acquisition Function Maximizer: Local Search",
    "22": "Random Search",
    "23": "Random Search",
    "24": "Random Search"
  }
}