{
  "stats": {
    "submitted": 29,
    "finished": 29,
    "running": 0
  },
  "data": [
    [
      1,
      null,
      209652396,
      null,
      4.0,
      3.147125244140625e-05,
      1,
      1692851762.2366567,
      1692851762.237715,
      {}
    ],
    [
      2,
      null,
      209652396,
      null,
      62516.0,
      0.0002052783966064453,
      1,
      1692851762.2476125,
      1692851762.2486951,
      {}
    ],
    [
      3,
      null,
      209652396,
      null,
      640064.0,
      2.6702880859375e-05,
      1,
      1692851762.2711415,
      1692851762.2726407,
      {}
    ],
    [
      4,
      null,
      209652396,
      null,
      62536.0,
      3.6716461181640625e-05,
      1,
      1692851762.2936296,
      1692851762.2949798,
      {}
    ],
    [
      5,
      null,
      209652396,
      null,
      909.0,
      0.00025463104248046875,
      1,
      1692851762.3140736,
      1692851762.314914,
      {}
    ],
    [
      6,
      null,
      209652396,
      null,
      409649.0,
      7.295608520507812e-05,
      1,
      1692851762.3251598,
      1692851762.32683,
      {}
    ],
    [
      7,
      null,
      209652396,
      null,
      22509.0,
      4.4345855712890625e-05,
      1,
      1692851762.3477342,
      1692851762.3489175,
      {}
    ],
    [
      8,
      null,
      209652396,
      null,
      1601.0,
      0.0012578964233398438,
      1,
      1692851762.3616688,
      1692851762.3640826,
      {}
    ],
    [
      9,
      null,
      209652396,
      null,
      0.0,
      4.482269287109375e-05,
      1,
      1692851762.380786,
      1692851762.381913,
      {}
    ],
    [
      10,
      null,
      209652396,
      null,
      8104.0,
      0.000293731689453125,
      1,
      1692851762.4032216,
      1692851762.4043005,
      {}
    ],
    [
      11,
      null,
      209652396,
      null,
      230436.0,
      0.00015401840209960938,
      1,
      1692851762.411697,
      1692851762.4130607,
      {}
    ],
    [
      12,
      null,
      209652396,
      null,
      8116.0,
      0.0012402534484863281,
      1,
      1692851762.4248028,
      1692851762.4268162,
      {}
    ],
    [
      13,
      null,
      209652396,
      null,
      22525.0,
      2.0265579223632812e-05,
      1,
      1692851762.4462426,
      1692851762.4469273,
      {}
    ],
    [
      14,
      null,
      209652396,
      null,
      1000081.0,
      0.00040650367736816406,
      1,
      1692851762.4577868,
      1692851762.4589837,
      {}
    ],
    [
      15,
      null,
      209652396,
      null,
      122525.0,
      0.0001380443572998047,
      1,
      1692851762.4792328,
      1692851762.4800997,
      {}
    ],
    [
      16,
      null,
      209652396,
      null,
      1.0,
      0.0015859603881835938,
      1,
      1692851762.4900906,
      1692851762.4925613,
      {}
    ],
    [
      17,
      null,
      209652396,
      null,
      101.0,
      0.00032782554626464844,
      1,
      1692851762.5131276,
      1692851762.5142343,
      {}
    ],
    [
      18,
      null,
      209652396,
      null,
      129625.0,
      2.288818359375e-05,
      1,
      1692851762.5226116,
      1692851762.5232387,
      {}
    ],
    [
      19,
      null,
      209652396,
      null,
      980181.0,
      0.00021719932556152344,
      1,
      1692851762.5435827,
      1692851762.5447204,
      {}
    ],
    [
      20,
      null,
      209652396,
      null,
      25625.0,
      5.888938903808594e-05,
      1,
      1692851762.5548477,
      1692851762.5554228,
      {}
    ],
    [
      21,
      null,
      209652396,
      null,
      324901.0,
      0.001672506332397461,
      1,
      1692851763.0819871,
      1692851763.0842702,
      {}
    ],
    [
      22,
      null,
      209652396,
      null,
      313601.0,
      0.00014257431030273438,
      1,
      1692851763.1065748,
      1692851763.107645,
      {}
    ],
    [
      23,
      null,
      209652396,
      null,
      102436.0,
      1.8835067749023438e-05,
      1,
      1692851763.1184366,
      1692851763.1189594,
      {}
    ],
    [
      24,
      null,
      209652396,
      null,
      6436.0,
      2.3365020751953125e-05,
      1,
      1692851763.1391814,
      1692851763.1400993,
      {}
    ],
    [
      25,
      null,
      209652396,
      null,
      184981.0,
      2.47955322265625e-05,
      1,
      1692851763.1611571,
      1692851763.16187,
      {}
    ],
    [
      26,
      null,
      209652396,
      null,
      313600.0,
      2.0503997802734375e-05,
      1,
      1692851763.168676,
      1692851763.1699119,
      {}
    ],
    [
      27,
      null,
      209652396,
      null,
      280901.0,
      0.0005021095275878906,
      1,
      1692851763.1803517,
      1692851763.1818516,
      {}
    ],
    [
      28,
      null,
      209652396,
      null,
      230404.0,
      0.0009520053863525391,
      1,
      1692851763.205074,
      1692851763.2067266,
      {}
    ],
    [
      29,
      null,
      209652396,
      null,
      44125.0,
      0.0007703304290771484,
      1,
      1692851763.6735198,
      1692851763.6748905,
      {}
    ]
  ],
  "configs": {
    "1": {
      "x0": -1,
      "x1": 1
    },
    "2": {
      "x0": 5,
      "x1": 0
    },
    "3": {
      "x0": 9,
      "x1": 1
    },
    "4": {
      "x0": -5,
      "x1": 0
    },
    "5": {
      "x0": -2,
      "x1": 1
    },
    "6": {
      "x0": 8,
      "x1": 0
    },
    "7": {
      "x0": 4,
      "x1": 1
    },
    "8": {
      "x0": 2,
      "x1": 0
    },
    "9": {
      "x0": 1,
      "x1": 1
    },
    "10": {
      "x0": 3,
      "x1": 0
    },
    "11": {
      "x0": 7,
      "x1": 1
    },
    "12": {
      "x0": -3,
      "x1": 0
    },
    "13": {
      "x0": -4,
      "x1": 1
    },
    "14": {
      "x0": 10,
      "x1": 0
    },
    "15": {
      "x0": 6,
      "x1": 1
    },
    "16": {
      "x0": 0,
      "x1": 0
    },
    "17": {
      "x0": 0,
      "x1": 1
    },
    "18": {
      "x0": 6,
      "x1": 0
    },
    "19": {
      "x0": 10,
      "x1": 1
    },
    "20": {
      "x0": -4,
      "x1": 0
    },
    "21": {
      "x0": 0,
      "x1": 57
    },
    "22": {
      "x0": 0,
      "x1": 56
    },
    "23": {
      "x0": -5,
      "x1": 57
    },
    "24": {
      "x0": 7,
      "x1": 57
    },
    "25": {
      "x0": 10,
      "x1": 57
    },
    "26": {
      "x0": 1,
      "x1": 57
    },
    "27": {
      "x0": 2,
      "x1": 57
    },
    "28": {
      "x0": 3,
      "x1": 57
    },
    "29": {
      "x0": 6,
      "x1": 57
    }
  },
  "config_origins": {
    "1": "Initial Design: Sobol",
    "2": "Initial Design: Sobol",
    "3": "Initial Design: Sobol",
    "4": "Initial Design: Sobol",
    "5": "Initial Design: Sobol",
    "6": "Initial Design: Sobol",
    "7": "Initial Design: Sobol",
    "8": "Initial Design: Sobol",
    "9": "Initial Design: Sobol",
    "10": "Initial Design: Sobol",
    "11": "Initial Design: Sobol",
    "12": "Initial Design: Sobol",
    "13": "Initial Design: Sobol",
    "14": "Initial Design: Sobol",
    "15": "Initial Design: Sobol",
    "16": "Acquisition Function Maximizer: Local Search",
    "17": "Acquisition Function Maximizer: Local Search",
    "18": "Initial Design: Sobol",
    "19": "Initial Design: Sobol",
    "20": "Initial Design: Sobol",
    "21": "Acquisition Function Maximizer: Local Search",
    "22": "Acquisition Function Maximizer: Local Search",
    "23": "Random Search",
    "24": "Random Search",
    "25": "Random Search",
    "26": "Acquisition Function Maximizer: Random Search (sorted)",
    "27": "Acquisition Function Maximizer: Random Search (sorted)",
    "28": "Acquisition Function Maximizer: Random Search (sorted)",
    "29": "Random Search"
  }
}