{
  "stats": {
    "submitted": 2,
    "finished": 1,
    "running": 1
  },
  "data": [
    [
      1,
      null,
      209652396,
      null,
      0.0,
      1.2636184692382812e-05,
      1,
      1692796963.547467,
      1692796963.5480893,
      {}
    ],
    [
      2,
      null,
      209652396,
      null,
      2147483647.0,
      0.0,
      0,
      0.0,
      0.0,
      {}
    ]
  ],
  "configs": {
    "1": {
      "x0": 1,
      "x1": 1
    },
    "2": {
      "x0": 2,
      "x1": 0
    }
  },
  "config_origins": {
    "1": "Initial Design: Sobol",
    "2": "Initial Design: Sobol"
  }
}