{
  "stats": {
    "submitted": 32,
    "finished": 32,
    "running": 0
  },
  "data": [
    [
      1,
      null,
      209652396,
      null,
      104.0,
      3.0517578125e-05,
      1,
      1692851362.7338798,
      1692851362.7356732,
      {}
    ],
    [
      2,
      null,
      209652396,
      null,
      57616.0,
      0.00030994415283203125,
      1,
      1692851362.744949,
      1692851362.7460747,
      {}
    ],
    [
      3,
      null,
      209652396,
      null,
      624164.0,
      2.8371810913085938e-05,
      1,
      1692851362.7679853,
      1692851362.7686174,
      {}
    ],
    [
      4,
      null,
      209652396,
      null,
      57636.0,
      2.7894973754882812e-05,
      1,
      1692851362.7895179,
      1692851362.7904747,
      {}
    ],
    [
      5,
      null,
      209652396,
      null,
      109.0,
      0.0008294582366943359,
      1,
      1692851362.7992713,
      1692851362.8012593,
      {}
    ],
    [
      6,
      null,
      209652396,
      null,
      396949.0,
      2.1457672119140625e-05,
      1,
      1692851362.8229084,
      1692851362.8236432,
      {}
    ],
    [
      7,
      null,
      209652396,
      null,
      19609.0,
      0.00031280517578125,
      1,
      1692851362.844857,
      1692851362.8466544,
      {}
    ],
    [
      8,
      null,
      209652396,
      null,
      901.0,
      2.0265579223632812e-05,
      1,
      1692851362.8543344,
      1692851362.8549452,
      {}
    ],
    [
      9,
      null,
      209652396,
      null,
      100.0,
      0.0011715888977050781,
      1,
      1692851362.8865,
      1692851362.8883536,
      {}
    ],
    [
      10,
      null,
      209652396,
      null,
      4904.0,
      3.62396240234375e-05,
      1,
      1692851362.9180064,
      1692851362.9188786,
      {}
    ],
    [
      11,
      null,
      209652396,
      null,
      220936.0,
      0.00018525123596191406,
      1,
      1692851362.9423375,
      1692851362.9438927,
      {}
    ],
    [
      12,
      null,
      209652396,
      null,
      6416.0,
      2.9087066650390625e-05,
      1,
      1692851362.951395,
      1692851362.9527898,
      {}
    ],
    [
      13,
      null,
      209652396,
      null,
      19625.0,
      2.2649765014648438e-05,
      1,
      1692851362.9726245,
      1692851362.9732184,
      {}
    ],
    [
      14,
      null,
      209652396,
      null,
      980181.0,
      3.647804260253906e-05,
      1,
      1692851362.9826713,
      1692851362.9833968,
      {}
    ],
    [
      15,
      null,
      209652396,
      null,
      108925.0,
      0.0014700889587402344,
      1,
      1692851362.9947808,
      1692851362.9968379,
      {}
    ],
    [
      16,
      null,
      209652396,
      null,
      101.0,
      2.2172927856445312e-05,
      1,
      1692851363.015659,
      1692851363.0164804,
      {}
    ],
    [
      17,
      null,
      209652396,
      null,
      901.0,
      0.001112222671508789,
      1,
      1692851363.0255725,
      1692851363.0281587,
      {}
    ],
    [
      18,
      null,
      209652396,
      null,
      122525.0,
      2.6464462280273438e-05,
      1,
      1692851363.0479362,
      1692851363.0488474,
      {}
    ],
    [
      19,
      null,
      209652396,
      null,
      960481.0,
      5.984306335449219e-05,
      1,
      1692851363.0568185,
      1692851363.058177,
      {}
    ],
    [
      20,
      null,
      209652396,
      null,
      22525.0,
      1.9550323486328125e-05,
      1,
      1692851363.0683525,
      1692851363.068916,
      {}
    ],
    [
      21,
      null,
      209652396,
      null,
      401.0,
      0.00011801719665527344,
      1,
      1692851363.6631403,
      1692851363.663779,
      {}
    ],
    [
      22,
      null,
      209652396,
      null,
      1488401.0,
      1.9311904907226562e-05,
      1,
      1692851363.6832845,
      1692851363.6838403,
      {}
    ],
    [
      23,
      null,
      209652396,
      null,
      1562500.0,
      0.00020837783813476562,
      1,
      1692851363.693558,
      1692851363.6944735,
      {}
    ],
    [
      24,
      null,
      209652396,
      null,
      1587601.0,
      0.0001671314239501953,
      1,
      1692851363.7172606,
      1692851363.7187436,
      {}
    ],
    [
      25,
      null,
      209652396,
      null,
      1020136.0,
      5.5789947509765625e-05,
      1,
      1692851363.728969,
      1692851363.7297757,
      {}
    ],
    [
      26,
      null,
      209652396,
      null,
      592936.0,
      0.00020265579223632812,
      1,
      1692851363.7523623,
      1692851363.7534623,
      {}
    ],
    [
      27,
      null,
      209652396,
      null,
      67681.0,
      2.3603439331054688e-05,
      1,
      1692851363.7618296,
      1692851363.762637,
      {}
    ],
    [
      28,
      null,
      209652396,
      null,
      1.0,
      2.6464462280273438e-05,
      1,
      1692851363.7831523,
      1692851363.7843788,
      {}
    ],
    [
      29,
      null,
      209652396,
      null,
      401.0,
      0.0001895427703857422,
      1,
      1692851364.2453284,
      1692851364.2462244,
      {}
    ],
    [
      30,
      null,
      209652396,
      null,
      100.0,
      2.4318695068359375e-05,
      1,
      1692851364.2679968,
      1692851364.2688074,
      {}
    ],
    [
      31,
      null,
      209652396,
      null,
      1601.0,
      1.9073486328125e-05,
      1,
      1692851364.287619,
      1692851364.2881727,
      {}
    ],
    [
      32,
      null,
      209652396,
      null,
      810025.0,
      1.9311904907226562e-05,
      1,
      1692851364.2970266,
      1692851364.2976003,
      {}
    ]
  ],
  "configs": {
    "1": {
      "x0": -1,
      "x1": 2
    },
    "2": {
      "x0": 5,
      "x1": 1
    },
    "3": {
      "x0": 9,
      "x1": 2
    },
    "4": {
      "x0": -5,
      "x1": 1
    },
    "5": {
      "x0": -2,
      "x1": 3
    },
    "6": {
      "x0": 8,
      "x1": 1
    },
    "7": {
      "x0": 4,
      "x1": 2
    },
    "8": {
      "x0": 2,
      "x1": 1
    },
    "9": {
      "x0": 1,
      "x1": 2
    },
    "10": {
      "x0": 3,
      "x1": 2
    },
    "11": {
      "x0": 7,
      "x1": 2
    },
    "12": {
      "x0": -3,
      "x1": 1
    },
    "13": {
      "x0": -4,
      "x1": 2
    },
    "14": {
      "x0": 10,
      "x1": 1
    },
    "15": {
      "x0": 6,
      "x1": 3
    },
    "16": {
      "x0": 0,
      "x1": 1
    },
    "17": {
      "x0": 0,
      "x1": 3
    },
    "18": {
      "x0": 6,
      "x1": 1
    },
    "19": {
      "x0": 10,
      "x1": 2
    },
    "20": {
      "x0": -4,
      "x1": 1
    },
    "21": {
      "x0": 0,
      "x1": 2
    },
    "22": {
      "x0": 2,
      "x1": 126
    },
    "23": {
      "x0": 1,
      "x1": 126
    },
    "24": {
      "x0": 0,
      "x1": 126
    },
    "25": {
      "x0": -5,
      "x1": 126
    },
    "26": {
      "x0": 7,
      "x1": 126
    },
    "27": {
      "x0": 10,
      "x1": 126
    },
    "28": {
      "x0": 0,
      "x1": 0
    },
    "29": {
      "x0": 2,
      "x1": 2
    },
    "30": {
      "x0": 1,
      "x1": 0
    },
    "31": {
      "x0": 2,
      "x1": 0
    },
    "32": {
      "x0": 6,
      "x1": 126
    }
  },
  "config_origins": {
    "1": "Initial Design: Sobol",
    "2": "Initial Design: Sobol",
    "3": "Initial Design: Sobol",
    "4": "Initial Design: Sobol",
    "5": "Initial Design: Sobol",
    "6": "Initial Design: Sobol",
    "7": "Initial Design: Sobol",
    "8": "Initial Design: Sobol",
    "9": "Initial Design: Sobol",
    "10": "Initial Design: Sobol",
    "11": "Initial Design: Sobol",
    "12": "Initial Design: Sobol",
    "13": "Initial Design: Sobol",
    "14": "Initial Design: Sobol",
    "15": "Initial Design: Sobol",
    "16": "Initial Design: Sobol",
    "17": "Initial Design: Sobol",
    "18": "Initial Design: Sobol",