{
  "stats": {
    "submitted": 10,
    "finished": 10,
    "running": 0
  },
  "data": [
    [
      1,
      null,
      209652396,
      null,
      4.0,
      7.462501525878906e-05,
      1,
      1692895911.6175547,
      1692895911.618458,
      {}
    ],
    [
      2,
      null,
      209652396,
      null,
      62516.0,
      0.0005106925964355469,
      1,
      1692895911.627837,
      1692895911.6295285,
      {}
    ],
    [
      3,
      null,
      209652396,
      null,
      57664.0,
      2.6941299438476562e-05,
      1,
      1692895912.1632943,
      1692895912.1642697,
      {}
    ],
    [
      4,
      null,
      209652396,
      null,
      44125.0,
      2.8848648071289062e-05,
      1,
      1692895912.1869261,
      1692895912.1879323,
      {}
    ],
    [
      5,
      null,
      209652396,
      null,
      102416.0,
      3.0279159545898438e-05,
      1,
      1692895912.2082865,
      1692895912.2093256,
      {}
    ],
    [
      6,
      null,
      209652396,
      null,
      168109.0,
      4.553794860839844e-05,
      1,
      1692895912.228923,
      1692895912.2298398,
      {}
    ],
    [
      7,
      null,
      209652396,
      null,
      230404.0,
      4.696846008300781e-05,
      1,
      1692895912.251037,
      1692895912.2522078,
      {}
    ],
    [
      8,
      null,
      209652396,
      null,
      280901.0,
      0.00010800361633300781,
      1,
      1692895912.2763693,
      1692895912.2777674,
      {}
    ],
    [
      9,
      null,
      209652396,
      null,
      313600.0,
      9.72747802734375e-05,
      1,
      1692895912.3030298,
      1692895912.30416,
      {}
    ],
    [
      10,
      null,
      209652396,
      null,
      230416.0,
      7.772445678710938e-05,
      1,
      1692895912.3330016,
      1692895912.333664,
      {}
    ]
  ],
  "configs": {
    "1": {
      "x0": -1,
      "x1": 1
    },
    "2": {
      "x0": 5,
      "x1": 0
    },
    "3": {
      "x0": 9,
      "x1": 57
    },
    "4": {
      "x0": 6,
      "x1": 57
    },
    "5": {
      "x0": 5,
      "x1": 57
    },
    "6": {
      "x0": 4,
      "x1": 57
    },
    "7": {
      "x0": 3,
      "x1": 57
    },
    "8": {
      "x0": 2,
      "x1": 57
    },
    "9": {
      "x0": 1,
      "x1": 57
    },
    "10": {
      "x0": -3,
      "x1": 57
    }
  },
  "config_origins": {
    "1": "Initial Design: Sobol",
    "2": "Initial Design: Sobol",
    "3": "Acquisition Function Maximizer: Random Search (sorted)",
    "4": "Acquisition Function Maximizer: Random Search (sorted)",
    "5": "Acquisition Function Maximizer: Random Search (sorted)",
    "6": "Acquisition Function Maximizer: Random Search (sorted)",
    "7": "Acquisition Function Maximizer: Random Search (sorted)",
    "8": "Acquisition Function Maximizer: Random Search (sorted)",
    "9": "Acquisition Function Maximizer: Random Search (sorted)",
    "10": "Acquisition Function Maximizer: Local Search"
  }
}