{
  "stats": {
    "submitted": 14,
    "finished": 14,
    "running": 0
  },
  "data": [
    [
      1,
      null,
      209652396,
      null,
      4.0,
      0.0003120899200439453,
      1,
      1692896540.6106555,
      1692896540.61173,
      {}
    ],
    [
      2,
      null,
      209652396,
      null,
      6266.0,
      0.00021600723266601562,
      1,
      1692896540.6205025,
      1692896540.621665,
      {}
    ],
    [
      3,
      null,
      209652396,
      null,
      64064.0,
      1.9073486328125e-05,
      1,
      1692896540.6413686,
      1692896540.6421165,
      {}
    ],
    [
      4,
      null,
      209652396,
      null,
      6286.0,
      1.9073486328125e-05,
      1,
      1692896540.6502876,
      1692896540.651046,
      {}
    ],
    [
      5,
      null,
      209652396,
      null,
      99.0,
      0.0002770423889160156,
      1,
      1692896540.6622276,
      1692896540.6632276,
      {}
    ],
    [
      6,
      null,
      209652396,
      null,
      41009.0,
      2.09808349609375e-05,
      1,
      1692896540.684026,
      1692896540.6846004,
      {}
    ],
    [
      7,
      null,
      209652396,
      null,
      2259.0,
      0.00019168853759765625,
      1,
      1692896540.7045074,
      1692896540.705257,
      {}
    ],
    [
      8,
      null,
      209652396,
      null,
      161.0,
      2.2649765014648438e-05,
      1,
      1692896540.7156465,
      1692896540.7172668,
      {}
    ],
    [
      9,
      null,
      209652396,
      null,
      0.0,
      0.0002765655517578125,
      1,
      1692896540.7387547,
      1692896540.7395837,
      {}
    ],
    [
      10,
      null,
      209652396,
      null,
      814.0,
      0.0002875328063964844,
      1,
      1692896540.7614233,
      1692896540.7624903,
      {}
    ],
    [
      11,
      null,
      209652396,
      null,
      31360.0,
      1.9550323486328125e-05,
      1,
      1692896541.4687486,
      1692896541.4701133,
      {}
    ],
    [
      12,
      null,
      209652396,
      null,
      10276.0,
      2.193450927734375e-05,
      1,
      1692896541.4914806,
      1692896541.4926271,
      {}
    ],
    [
      13,
      null,
      209652396,
      null,
      676.0,
      0.0002384185791015625,
      1,
      1692896541.50439,
      1692896541.5059116,
      {}
    ],
    [
      14,
      null,
      209652396,
      null,
      18571.0,
      3.337860107421875e-05,
      1,
      1692896541.5274556,
      1692896541.528613,
      {}
    ]
  ],
  "configs": {
    "1": {
      "x0": -1,
      "x1": 1
    },
    "2": {
      "x0": 5,
      "x1": 0
    },
    "3": {
      "x0": 9,
      "x1": 1
    },
    "4": {
      "x0": -5,
      "x1": 0
    },
    "5": {
      "x0": -2,
      "x1": 1
    },
    "6": {
      "x0": 8,
      "x1": 0
    },
    "7": {
      "x0": 4,
      "x1": 1
    },
    "8": {
      "x0": 2,
      "x1": 0
    },
    "9": {
      "x0": 1,
      "x1": 1
    },
    "10": {
      "x0": 3,
      "x1": 0
    },
    "11": {
      "x0": 1,
      "x1": 57
    },
    "12": {
      "x0": -5,
      "x1": 57
    },
    "13": {
      "x0": 7,
      "x1": 57
    },
    "14": {
      "x0": 10,
      "x1": 57
    }
  },
  "config_origins": {
    "1": "Initial Design: Sobol",
    "2": "Initial Design: Sobol",
    "3": "Initial Design: Sobol",
    "4": "Initial Design: Sobol",
    "5": "Initial Design: Sobol",
    "6": "Initial Design: Sobol",
    "7": "Initial Design: Sobol",
    "8": "Initial Design: Sobol",
    "9": "Initial Design: Sobol",
    "10": "Initial Design: Sobol",
    "11": "Acquisition Function Maximizer: Local Search",
    "12": "Random Search",
    "13": "Random Search",
    "14": "Random Search"
  }
}