{
  "stats": {
    "submitted": 10,
    "finished": 10,
    "running": 0
  },
  "data": [
    [
      1,
      null,
      209652396,
      null,
      1102.7877872130716,
      1.3828277587890625e-05,
      1,
      1692035507.4485335,
      1692035507.4490788,
      {}
    ],
    [
      2,
      null,
      209652396,
      null,
      2232.15526287294,
      1.6927719116210938e-05,
      1,
      1692035507.4581335,
      1692035507.4588282,
      {}
    ],
    [
      3,
      null,
      209652396,
      null,
      4794.73904564986,
      1.1205673217773438e-05,
      1,
      1692035507.5772414,
      1692035507.578792,
      {}
    ],
    [
      4,
      null,
      209652396,
      null,
      5097.083149506916,
      7.3909759521484375e-06,
      1,
      1692035507.6015725,
      1692035507.6023822,
      {}
    ],
    [
      5,
      null,
      209652396,
      null,
      545590.3493710133,
      8.821487426757812e-06,
      1,
      1692035507.6117868,
      1692035507.6122847,
      {}
    ],
    [
      6,
      null,
      209652396,
      null,
      284.0907919945065,
      7.152557373046875e-06,
      1,
      1692035507.6315958,
      1692035507.6321068,
      {}
    ],
    [
      7,
      null,
      209652396,
      null,
      8953.582146420262,
      1.0967254638671875e-05,
      1,
      1692035507.7373688,
      1692035507.7381804,
      {}
    ],
    [
      8,
      null,
      209652396,
      null,
      17167.41233534138,
      7.867813110351562e-06,
      1,
      1692035507.7622159,
      1692035507.7628217,
      {}
    ],
    [
      9,
      null,
      209652396,
      null,
      885413.9961601351,
      7.3909759521484375e-06,
      1,
      1692035507.783106,
      1692035507.7837775,
      {}
    ],
    [
      10,
      null,
      209652396,
      null,
      4070.7006082214857,
      9.5367431640625e-06,
      1,
      1692035507.7913725,
      1692035507.7924898,
      {}
    ]
  ],
  "configs": {
    "1": {
      "x0": -0.9968221839517355,
      "x1": 4.30847043171525
    },
    "2": {
      "x0": 3.232202558909872,
      "x1": 5.7278404955862925
    },
    "3": {
      "x0": 0.7516227823866659,
      "x1": 7.489297683219069
    },
    "4": {
      "x0": 3.1732477449534535,
      "x1": 2.9334237962935674
    },
    "5": {
      "x0": 8.376595011731197,
      "x1": -3.6930605044768896
    },
    "6": {
      "x0": 1.354821990083571,
      "x1": 3.5206684164089843
    },
    "7": {
      "x0": 4.041450641074658,
      "x1": 6.87587557123997
    },
    "8": {
      "x0": 4.688411695999841,
      "x1": 8.883949574389916
    },
    "9": {
      "x0": 9.45494140751544,
      "x1": -4.696724038395114
    },
    "10": {
      "x0": 1.5638081689403878,
      "x1": -3.9344591270316958
    }
  },
  "config_origins": {
    "1": "Initial Design: Sobol",
    "2": null,
    "3": "Acquisition Function Maximizer: Random Search (sorted)",
    "4": "Acquisition Function Maximizer: Random Search (sorted)",
    "5": "Acquisition Function Maximizer: Random Search (sorted)",
    "6": "Acquisition Function Maximizer: Random Search (sorted)",
    "7": "Acquisition Function Maximizer: Random Search (sorted)",
    "8": "Acquisition Function Maximizer: Random Search (sorted)",
    "9": "Acquisition Function Maximizer: Random Search (sorted)",
    "10": "Acquisition Function Maximizer: Random Search (sorted)"
  }
}