{
  "incumbent_ids": [
    147
  ],
  "rejected_config_ids": [
    1,
    6
  ],
  "incumbents_changed": 3,
  "trajectory": [
    {
      "config_ids": [
        1
      ],
      "costs": [
        0.3454116302638456
      ],
      "trial": 1,
      "walltime": 540.0611791610718
    },
    {
      "config_ids": [
        6
      ],
      "costs": [
        0.33513810289381085
      ],
      "trial": 5,
      "walltime": 1054.3924388885498
    },
    {
      "config_ids": [
        147
      ],
      "costs": [
        0.3255587536895935
      ],
      "trial": 147,
      "walltime": 20375.430985212326
    }
  ],
  "state": {
    "queue": [
      [
        146,
        2
      ],
      [
        147,
        2
      ],
      [
        148,
        2
      ],
      [
        149,
        2
      ],
      [
        150,
        1
      ]
    ]
  }
}