{
  "stats": {
    "submitted": 38,
    "finished": 38,
    "running": 0
  },
  "data": [
    [
      1,
      null,
      209652396,
      null,
      104.0,
      2.6464462280273438e-05,
      1,
      1692851218.7217462,
      1692851218.7226539,
      {}
    ],
    [
      2,
      null,
      209652396,
      null,
      57616.0,
      0.0001704692840576172,
      1,
      1692851218.7318292,
      1692851218.7327113,
      {}
    ],
    [
      3,
      null,
      209652396,
      null,
      624164.0,
      2.0503997802734375e-05,
      1,
      1692851218.7523189,
      1692851218.7533505,
      {}
    ],
    [
      4,
      null,
      209652396,
      null,
      57636.0,
      1.8358230590820312e-05,
      1,
      1692851218.762487,
      1692851218.7633798,
      {}
    ],
    [
      5,
      null,
      209652396,
      null,
      109.0,
      0.00022792816162109375,
      1,
      1692851218.7844386,
      1692851218.7852695,
      {}
    ],
    [
      6,
      null,
      209652396,
      null,
      396949.0,
      0.00026798248291015625,
      1,
      1692851218.7932477,
      1692851218.7950172,
      {}
    ],
    [
      7,
      null,
      209652396,
      null,
      19609.0,
      2.86102294921875e-05,
      1,
      1692851218.8170054,
      1692851218.8177197,
      {}
    ],
    [
      8,
      null,
      209652396,
      null,
      901.0,
      1.8835067749023438e-05,
      1,
      1692851218.8262236,
      1692851218.826809,
      {}
    ],
    [
      9,
      null,
      209652396,
      null,
      100.0,
      2.7179718017578125e-05,
      1,
      1692851218.8488057,
      1692851218.8500025,
      {}
    ],
    [
      10,
      null,
      209652396,
      null,
      4904.0,
      2.3365020751953125e-05,
      1,
      1692851218.8588133,
      1692851218.859722,
      {}
    ],
    [
      11,
      null,
      209652396,
      null,
      220936.0,
      2.5987625122070312e-05,
      1,
      1692851218.879395,
      1692851218.8803701,
      {}
    ],
    [
      12,
      null,
      209652396,
      null,
      6416.0,
      0.0004153251647949219,
      1,
      1692851218.8927796,
      1692851218.8937938,
      {}
    ],
    [
      13,
      null,
      209652396,
      null,
      19625.0,
      1.71661376953125e-05,
      1,
      1692851218.9108467,
      1692851218.911386,
      {}
    ],
    [
      14,
      null,
      209652396,
      null,
      980181.0,
      3.647804260253906e-05,
      1,
      1692851218.9209073,
      1692851218.9222023,
      {}
    ],
    [
      15,
      null,
      209652396,
      null,
      108925.0,
      0.00012493133544921875,
      1,
      1692851218.9302747,
      1692851218.931353,
      {}
    ],
    [
      16,
      null,
      209652396,
      null,
      101.0,
      1.5735626220703125e-05,
      1,
      1692851218.9520285,
      1692851218.9525764,
      {}
    ],
    [
      17,
      null,
      209652396,
      null,
      901.0,
      1.621246337890625e-05,
      1,
      1692851218.9619148,
      1692851218.9627209,
      {}
    ],
    [
      18,
      null,
      209652396,
      null,
      122525.0,
      1.7404556274414062e-05,
      1,
      1692851218.9724739,
      1692851218.9730253,
      {}
    ],
    [
      19,
      null,
      209652396,
      null,
      960481.0,
      1.5020370483398438e-05,
      1,
      1692851218.9961877,
      1692851218.9967175,
      {}
    ],
    [
      20,
      null,
      209652396,
      null,
      22525.0,
      1.8835067749023438e-05,
      1,
      1692851219.0089183,
      1692851219.0095055,
      {}
    ],
    [
      21,
      null,
      209652396,
      null,
      409.0,
      1.6689300537109375e-05,
      1,
      1692851219.5927584,
      1692851219.593393,
      {}
    ],
    [
      22,
      null,
      209652396,
      null,
      1562504.0,
      1.5735626220703125e-05,
      1,
      1692851219.592758,
      1692851219.5935187,
      {}
    ],
    [
      23,
      null,
      209652396,
      null,
      1416104.0,
      4.76837158203125e-05,
      1,
      1692851219.6164858,
      1692851219.6171014,
      {}
    ],
    [
      24,
      null,
      209652396,
      null,
      1440009.0,
      0.00023055076599121094,
      1,
      1692851219.6311295,
      1692851219.6321392,
      {}
    ],
    [
      25,
      null,
      209652396,
      null,
      404.0,
      0.00014781951904296875,
      1,
      1692851219.643533,
      1692851219.644756,
      {}
    ],
    [
      26,
      null,
      209652396,
      null,
      1537604.0,
      2.5510787963867188e-05,
      1,
      1692851219.6654592,
      1692851219.666519,
      {}
    ],
    [
      27,
      null,
      209652396,
      null,
      1464109.0,
      0.000171661376953125,
      1,
      1692851219.6899967,
      1692851219.6909587,
      {}
    ],
    [
      28,
      null,
      209652396,
      null,
      1512904.0,
      3.886222839355469e-05,
      1,
      1692851219.6978621,
      1692851219.6989877,
      {}
    ],
    [
      29,
      null,
      209652396,
      null,
      401.0,
      1.6689300537109375e-05,
      1,
      1692851220.1608927,
      1692851220.161599,
      {}
    ],
    [
      30,
      null,
      209652396,
      null,
      1464101.0,
      1.9311904907226562e-05,
      1,
      1692851220.171523,
      1692851220.1722336,
      {}
    ],
    [
      31,
      null,
      209652396,
      null,
      1000036.0,
      1.7404556274414062e-05,
      1,
      1692851220.1812627,
      1692851220.181869,
      {}
    ],
    [
      32,
      null,
      209652396,
      null,
      1188109.0,
      1.7642974853515625e-05,
      1,
      1692851220.2047927,
      1692851220.2053442,
      {}
    ],
    [
      33,
      null,
      209652396,
      null,
      1.0,
      3.7670135498046875e-05,
      1,
      1692851220.213509,
      1692851220.2140772,
      {}
    ],
    [
      34,
      null,
      209652396,
      null,
      62581.0,
      0.0002512931823730469,
      1,
      1692851220.2244103,
      1692851220.2260096,
      {}
    ],
    [
      35,
      null,
      209652396,
      null,
      1537601.0,
      0.0003521442413330078,
      1,
      1692851220.3426747,
      1692851220.3442442,
      {}
    ],
    [
      36,
      null,
      209652396,
      null,
      688925.0,
      2.288818359375e-05,
      1,
      1692851220.360667,
      1692851220.3612387,
      {}
    ],
    [
      37,
      null,
      209652396,
      null,
      1254416.0,
      0.00012254714965820312,
      1,
      1692851220.878134,
      1692851220.8789504,
      {}
    ],
    [
      38,
      null,
      209652396,
      null,
      921616.0,
      0.00020265579223632812,
      1,
      1692851220.8992424,
      1692851220.9014728,
      {}
    ]
  ],
  "configs": {
    "1": {
      "x0": -1,
      "x1": 2
    },
    "2": {
      "x0": 5,
      "x1": 1
    },
    "3": {
      "x0": 9,
      "x1": 2
    },
    "4": {
      "x0": -5,
      "x1": 1
    },
    "5": {
      "x0": -2,
      "x1": 3
    },
    "6": {
      "x0": 8,
      "x1": 1
    },
    "7": {
      "x0": 4,
      "x1": 2
    },
    "8": {
      "x0": 2,
      "x1": 1
    },
    "9": {
      "x0": 1,
      "x1": 2
    },
    "10": {
      "x0": 3,
      "x1": 2
    },
    "11": {
      "x0": 7,
      "x1": 2
    },
    "12": {
      "x0": -3,
      "x1": 1
    },
    "13": {
      "x0": -4,
      "x1": 2
    },
    "14": {
      "x0": 10,
      "x1": 1
    },
    "15": {
      "x0": 6,
      "x1": 3
    },
    "16": {
      "x0": 0,
      "x1": 1
    },
    "17": {
      "x0": 0,
      "x1": 3
    },
    "18": {
      "x0": 6,
      "x1": 1
    },
    "19": {
      "x0": 10,
      "x1": 2
    },
    "20": {
      "x0": -4,
      "x1": 1
    },
    "21": {
      "x0": -2,
      "x1": 2
    },
    "22": {
      "x0": -1,
      "x1": 126
    },
    "23": {
      "x0": -1,
      "x1": 120
    },