{
  "stats": {
    "submitted": 10,
    "finished": 10,
    "running": 0
  },
  "data": [
    [
      1,
      null,
      209652396,
      null,
      1332.4250203595984,
      0.00022554397583007812,
      1,
      1692022717.105278,
      1692022717.1062698,
      {}
    ],
    [
      2,
      null,
      209652396,
      null,
      428.4102665717922,
      0.000244140625,
      1,
      1692022717.1178064,
      1692022717.1187863,
      {}
    ],
    [
      3,
      null,
      209652396,
      null,
      3697.0396173357954,
      1.6689300537109375e-05,
      1,
      1692022717.4890342,
      1692022717.489499,
      {}
    ],
    [
      4,
      null,
      209652396,
      null,
      1112.1980152873919,
      3.24249267578125e-05,
      1,
      1692022717.5108736,
      1692022717.5120661,
      {}
    ],
    [
      5,
      null,
      209652396,
      null,
      521.2911770896657,
      1.7642974853515625e-05,
      1,
      1692022717.5319574,
      1692022717.5324745,
      {}
    ],
    [
      6,
      null,
      209652396,
      null,
      238.5563114984543,
      1.8835067749023438e-05,
      1,
      1692022717.541719,
      1692022717.5429513,
      {}
    ],
    [
      7,
      null,
      209652396,
      null,
      61.33224692210479,
      2.5272369384765625e-05,
      1,
      1692022717.5642366,
      1692022717.5652728,
      {}
    ],
    [
      8,
      null,
      209652396,
      null,
      34.61883149375841,
      2.2411346435546875e-05,
      1,
      1692022717.5916455,
      1692022717.5922387,
      {}
    ],
    [
      9,
      null,
      209652396,
      null,
      87.55045245605976,
      2.0503997802734375e-05,
      1,
      1692022717.616862,
      1692022717.617582,
      {}
    ],
    [
      10,
      null,
      209652396,
      null,
      136.45656802034574,
      2.288818359375e-05,
      1,
      1692022717.6415784,
      1692022717.6425674,
      {}
    ]
  ],
  "configs": {
    "1": {
      "x1": -4.662429578602314,
      "x2": 2.4112939089536667
    },
    "2": {
      "x1": 2.6820622757077217,
      "x2": -5.740029886364937
    },
    "3": {
      "x1": 7.835460015641594,
      "x2": -8.257414005969185
    },
    "4": {
      "x1": 4.30378732744839,
      "x2": -2.3311696234844455
    },
    "5": {
      "x1": 2.917882261333123,
      "x2": 8.51193276585322
    },
    "6": {
      "x1": 2.055267521432878,
      "x2": 5.834500761653292
    },
    "7": {
      "x1": 0.9762700785464951,
      "x2": 9.273255210020587
    },
    "8": {
      "x1": 0.8976636599379368,
      "x2": 0.5778983950580887
    },
    "9": {
      "x1": -1.2482557747461502,
      "x2": -8.579278836042262
    },
    "10": {
      "x1": -1.5269040132219054,
      "x2": 1.3608912218786458
    }
  },
  "config_origins": {
    "1": "Initial Design: Sobol",
    "2": "Initial Design: Sobol",
    "3": "Acquisition Function Maximizer: Random Search (sorted)",
    "4": "Acquisition Function Maximizer: Random Search (sorted)",
    "5": "Acquisition Function Maximizer: Random Search (sorted)",
    "6": "Acquisition Function Maximizer: Random Search (sorted)",
    "7": "Acquisition Function Maximizer: Random Search (sorted)",
    "8": "Acquisition Function Maximizer: Random Search (sorted)",
    "9": "Acquisition Function Maximizer: Random Search (sorted)",
    "10": "Acquisition Function Maximizer: Random Search (sorted)"
  }
}