{
  "stats": {
    "submitted": 24,
    "finished": 24,
    "running": 0
  },
  "data": [
    [
      1,
      null,
      209652396,
      null,
      4.0,
      0.0002510547637939453,
      1,
      1692896574.8941705,
      1692896574.8951101,
      {}
    ],
    [
      2,
      null,
      209652396,
      null,
      6266.0,
      0.00022220611572265625,
      1,
      1692896574.9028308,
      1692896574.9038732,
      {}
    ],
    [
      3,
      null,
      209652396,
      null,
      64064.0,
      1.8358230590820312e-05,
      1,
      1692896574.9232533,
      1692896574.9237647,
      {}
    ],
    [
      4,
      null,
      209652396,
      null,
      6286.0,
      3.62396240234375e-05,
      1,
      1692896575.0645616,
      1692896575.0655618,
      {}
    ],
    [
      5,
      null,
      209652396,
      null,
      99.0,
      0.00015425682067871094,
      1,
      1692896575.0849993,
      1692896575.085693,
      {}
    ],
    [
      6,
      null,
      209652396,
      null,
      41009.0,
      1.9788742065429688e-05,
      1,
      1692896575.0955873,
      1692896575.0961163,
      {}
    ],
    [
      7,
      null,
      209652396,
      null,
      2259.0,
      4.4345855712890625e-05,
      1,
      1692896575.1066115,
      1692896575.1072237,
      {}
    ],
    [
      8,
      null,
      209652396,
      null,
      161.0,
      0.0002987384796142578,
      1,
      1692896575.1294796,
      1692896575.1307378,
      {}
    ],
    [
      9,
      null,
      209652396,
      null,
      0.0,
      3.981590270996094e-05,
      1,
      1692896575.1289685,
      1692896575.1295273,
      {}
    ],
    [
      10,
      null,
      209652396,
      null,
      814.0,
      0.0002117156982421875,
      1,
      1692896575.150018,
      1692896575.1509132,
      {}
    ],
    [
      11,
      null,
      209652396,
      null,
      23076.0,
      2.002716064453125e-05,
      1,
      1692896575.160862,
      1692896575.1614413,
      {}
    ],
    [
      12,
      null,
      209652396,
      null,
      826.0,
      0.0002262592315673828,
      1,
      1692896575.1729758,
      1692896575.1738737,
      {}
    ],
    [
      13,
      null,
      209652396,
      null,
      2275.0,
      2.1219253540039062e-05,
      1,
      1692896575.1914353,
      1692896575.1920066,
      {}
    ],
    [
      14,
      null,
      209652396,
      null,
      100081.0,
      2.002716064453125e-05,
      1,
      1692896575.2018714,
      1692896575.2024546,
      {}
    ],
    [
      15,
      null,
      209652396,
      null,
      12275.0,
      0.00016951560974121094,
      1,
      1692896575.2135677,
      1692896575.2144005,
      {}
    ],
    [
      16,
      null,
      209652396,
      null,
      1.0,
      0.0002334117889404297,
      1,
      1692896575.2372432,
      1692896575.2380679,
      {}
    ],
    [
      17,
      null,
      209652396,
      null,
      11.0,
      1.9311904907226562e-05,
      1,
      1692896575.237016,
      1692896575.2375865,
      {}
    ],
    [
      18,
      null,
      209652396,
      null,
      12985.0,
      6.341934204101562e-05,
      1,
      1692896575.259951,
      1692896575.2610018,
      {}
    ],
    [
      19,
      null,
      209652396,
      null,
      98091.0,
      3.24249267578125e-05,
      1,
      1692896575.2705302,
      1692896575.2711964,
      {}
    ],
    [
      20,
      null,
      209652396,
      null,
      2585.0,
      2.4557113647460938e-05,
      1,
      1692896575.299041,
      1692896575.29995,
      {}
    ],
    [
      21,
      null,
      209652396,
      null,
      31360.0,
      3.24249267578125e-05,
      1,
      1692896575.9557564,
      1692896575.9568274,
      {}
    ],
    [
      22,
      null,
      209652396,
      null,
      10276.0,
      4.863739013671875e-05,
      1,
      1692896575.9665523,
      1692896575.9671788,
      {}
    ],
    [
      23,
      null,
      209652396,
      null,
      676.0,
      2.5033950805664062e-05,
      1,
      1692896575.9858263,
      1692896575.9867964,
      {}
    ],
    [
      24,
      null,
      209652396,
      null,
      18571.0,
      1.9788742065429688e-05,
      1,
      1692896576.0055337,
      1692896576.006097,
      {}
    ]
  ],
  "configs": {
    "1": {
      "x0": -1,
      "x1": 1
    },
    "2": {
      "x0": 5,
      "x1": 0
    },
    "3": {
      "x0": 9,
      "x1": 1
    },
    "4": {
      "x0": -5,
      "x1": 0
    },
    "5": {
      "x0": -2,
      "x1": 1
    },
    "6": {
      "x0": 8,
      "x1": 0
    },
    "7": {
      "x0": 4,
      "x1": 1
    },
    "8": {
      "x0": 2,
      "x1": 0
    },
    "9": {
      "x0": 1,
      "x1": 1
    },
    "10": {
      "x0": 3,
      "x1": 0
    },
    "11": {
      "x0": 7,
      "x1": 1
    },
    "12": {
      "x0": -3,
      "x1": 0
    },
    "13": {
      "x0": -4,
      "x1": 1
    },
    "14": {
      "x0": 10,
      "x1": 0
    },
    "15": {
      "x0": 6,
      "x1": 1
    },
    "16": {
      "x0": 0,
      "x1": 0
    },
    "17": {
      "x0": 0,
      "x1": 1
    },
    "18": {
      "x0": 6,
      "x1": 0
    },
    "19": {
      "x0": 10,
      "x1": 1
    },
    "20": {
      "x0": -4,
      "x1": 0
    },
    "21": {
      "x0": 1,
      "x1": 57
    },
    "22": {
      "x0": -5,
      "x1": 57
    },
    "23": {
      "x0": 7,
      "x1": 57
    },
    "24": {
      "x0": 10,
      "x1": 57
    }
  },
  "config_origins": {
    "1": "Initial Design: Sobol",
    "2": "Initial Design: Sobol",
    "3": "Initial Design: Sobol",
    "4": "Initial Design: Sobol",
    "5": "Initial Design: Sobol",
    "6": "Initial Design: Sobol",
    "7": "Initial Design: Sobol",
    "8": "Initial Design: Sobol",
    "9": "Initial Design: Sobol",
    "10": "Initial Design: Sobol",
    "11": "Initial Design: Sobol",
    "12": "Initial Design: Sobol",
    "13": "Initial Design: Sobol",
    "14": "Initial Design: Sobol",
    "15": "Initial Design: Sobol",
    "16": "Initial Design: Sobol",
    "17": "Initial Design: Sobol",
    "18": "Initial Design: Sobol",
    "19": "Initial Design: Sobol",
    "20": "Initial Design: Sobol",
    "21": "Acquisition Function Maximizer: Local Search",
    "22": "Random Search",
    "23": "Random Search",
    "24": "Random Search"
  }
}