{
  "incumbent_ids": [
    158
  ],
  "rejected_config_ids": [
    1,
    2,
    3,
    4,
    5,
    6,
    7,
    8,
    9,
    10,
    11,
    12,
    13,
    14,
    15,
    16,
    17,
    18,
    19,
    20,
    21,
    22,
    23,
    24,
    25,
    26,
    27,
    28,
    29,
    30,
    31,
    32,
    33,
    34,
    35,
    36,
    37,
    38,
    39,
    40,
    41,
    42,
    43,
    44,
    45,
    46,
    47,
    48,
    49,
    50,
    51,
    52,
    53,
    54,
    55,
    56,
    57,
    58,
    59,
    60,
    61,
    62,
    63,
    64,
    65,
    66,
    67,
    68,
    69,
    70,
    71,
    72,
    73,
    74,
    76,
    79,
    77,
    80,
    82,
    83,
    81,
    78,
    75,
    85,
    87,
    86,
    88,
    91,
    90,
    92,
    93,
    95,
    89,
    96,
    98,
    94,
    99,
    100,
    97,
    101,
    103,
    104,
    107,
    106,
    102,
    108,
    105,
    111,
    109,
    112,
    113,
    114,
    110,
    115,
    116,
    118,
    117,
    119,
    120,
    121,
    84,
    123,
    124,
    125,
    126,
    127,
    129,
    128,
    122,
    131,
    132,
    133,
    134,
    136,
    137,
    135,
    141,
    140,
    138,
    139,
    142,
    143,
    144,
    130,
    145,
    148,
    147,
    149,
    150,
    151,
    152,
    153,
    155,
    146,
    156,
    157,
    154,
    160,
    159,
    161,
    162,
    163,
    164,
    165,
    168,
    166,
    167,
    169,
    170,
    171,
    172,
    173,
    176,
    174,
    175,
    178,
    179,
    177,
    181,
    183,
    184,
    180,
    185,
    182,
    186,
    187,
    188,
    189,
    191,
    193,
    192,
    194,
    195,
    190,
    196,
    197,
    198,
    199,
    200,
    201,
    202,
    203,
    204,
    205,
    206,
    207,
    209,
    211,
    208,
    212,
    213,
    210
  ],
  "incumbents_changed": 82,
  "trajectory": [
    {
      "config_ids": [
        1
      ],
      "costs": [
        0.8661668748966806
      ],
      "trial": 1,
      "walltime": 0.0
    },
    {
      "config_ids": [
        2
      ],
      "costs": [
        0.8392336527833372
      ],
      "trial": 2,
      "walltime": 0.0
    },
    {
      "config_ids": [
        3
      ],
      "costs": [
        0.8106344558601659
      ],
      "trial": 3,
      "walltime": 0.0
    },
    {
      "config_ids": [
        4
      ],
      "costs": [
        0.7821740941274469
      ],
      "trial": 4,
      "walltime": 0.0
    },
    {
      "config_ids": [
        5
      ],
      "costs": [
        0.7798139638619532
      ],
      "trial": 5,
      "walltime": 0.0
    },
    {
      "config_ids": [
        6
      ],
      "costs": [
        0.7785644758025689
      ],
      "trial": 6,
      "walltime": 0.0
    },
    {
      "config_ids": [
        7
      ],
      "costs": [
        0.6966541787270959
      ],
      "trial": 7,
      "walltime": 0.0
    },
    {
      "config_ids": [
        8
      ],
      "costs": [
        0.6851312004435225
      ],
      "trial": 8,
      "walltime": 0.0
    },
    {
      "config_ids": [
        9
      ],
      "costs": [
        0.6747188610834793
      ],
      "trial": 9,
      "walltime": 0.0
    },
    {
      "config_ids": [
        10
      ],
      "costs": [
        0.6581979656931285
      ],
      "trial": 10,
      "walltime": 0.0
    },
    {
      "config_ids": [
        11
      ],
      "costs": [
        0.6562543306936741
      ],
      "trial": 11,
      "walltime": 0.0
    },
    {
      "config_ids": [
        12
      ],
      "costs": [
        0.6487574770932341
      ],
      "trial": 12,
      "walltime": 0.0
    },
    {
      "config_ids": [
        13
      ],
      "costs": [
        0.6354296825578953
      ],
      "trial": 13,
      "walltime": 0.0
    },
    {
      "config_ids": [
        14
      ],
      "costs": [
        0.6275163055765418
      ],
      "trial": 14,
      "walltime": 0.0
    },
    {
      "config_ids": [
        15
      ],
      "costs": [
        0.6086352831749606
      ],
      "trial": 15,
      "walltime": 0.0
    },
    {
      "config_ids": [
        16
      ],
      "costs": [
        0.6005830870290663
      ],
      "trial": 16,
      "walltime": 0.0
    },
    {
      "config_ids": [
        17
      ],
      "costs": [
        0.5939191831141353
      ],
      "trial": 17,
      "walltime": 0.0
    },
    {
      "config_ids": [
        18
      ],
      "costs": [
        0.5936415405783921
      ],
      "trial": 18,
      "walltime": 0.0
    },
    {
      "config_ids": [
        19
      ],
      "costs": [
        0.5878106116023838
      ],
      "trial": 19,
      "walltime": 0.0
    },
    {
      "config_ids": [
        20
      ],
      "costs": [
        0.5808690705008346
      ],
      "trial": 20,
      "walltime": 0.0
    },
    {
      "config_ids": [
        21
      ],
      "costs": [
        0.5796196004912395
      ],
      "trial": 21,
      "walltime": 0.0
    },
    {
      "config_ids": [
        22
      ],
      "costs": [
        0.5721227162938209
      ],
      "trial": 22,
      "walltime": 0.0
    },
    {
      "config_ids": [
        23
      ],
      "costs": [
        0.5705955624838976
      ],
      "trial": 23,
      "walltime": 0.0
    },
    {
      "config_ids": [
        24
      ],
      "costs": [
        0.565597659961893
      ],
      "trial": 24,
      "walltime": 0.0
    },
    {
      "config_ids": [
        25
      ],
      "costs": [
        0.5557406655114905
      ],
      "trial": 25,
      "walltime": 0.0
    },
    {
      "config_ids": [
        26
      ],
      "costs": [
        0.5468554682502123
      ],
      "trial": 26,
      "walltime": 0.0
    },
    {
      "config_ids": [
        27
      ],
      "costs": [
        0.5376926298507565
      ],
      "trial": 27,
      "walltime": 0.0
    },
    {
      "config_ids": [
        28
      ],
      "costs": [
        0.5295015976699744
      ],
      "trial": 28,
      "walltime": 0.0
    },
    {
      "config_ids": [
        29
      ],
      "costs": [
        0.5251978287898964
      ],
      "trial": 29,
      "walltime": 0.0
    },
    {
      "config_ids": [
        30
      ],
      "costs": [
        0.5150631832076031
      ],
      "trial": 30,
      "walltime": 0.0
    },
    {
      "config_ids": [
        31
      ],
      "costs": [
        0.5142301736392032
      ],
      "trial": 31,
      "walltime": 0.0
    },
    {
      "config_ids": [
        32
      ],
      "costs": [
        0.50992640372359
      ],
      "trial": 32,
      "walltime": 0.0
    },
    {
      "config_ids": [
        33
      ],
      "costs": [
        0.5054838261835346
      ],
      "trial": 33,
      "walltime": 0.0
    },
    {
      "config_ids": [
        34
      ],
      "costs": [
        0.500069385599001
      ],
      "trial": 34,
      "walltime": 0.0
    },
    {
      "config_ids": [
        35
      ],
      "costs": [
        0.4968762950037942
      ],
      "trial": 35,
      "walltime": 0.0
    },
    {
      "config_ids": [
        36
      ],
      "costs": [
        0.4943773476974543
      ],
      "trial": 36,
      "walltime": 0.0
    },
    {
      "config_ids": [
        37
      ],
      "costs": [
        0.4918783787349876
      ],
      "trial": 37,
      "walltime": 0.0
    },
    {
      "config_ids": [
        38
      ],
      "costs": [
        0.4913230443609419
      ],
      "trial": 38,
      "walltime": 0.0
    },
    {
      "config_ids": [
        39
      ],
      "costs": [
        0.4835485113787515
      ],
      "trial": 39,
      "walltime": 0.0
    },
    {
      "config_ids": [
        40
      ],
      "costs": [
        0.4827155391346261
      ],
      "trial": 40,
      "walltime": 0.0
    },
    {
      "config_ids": [
        41
      ],
      "costs": [
        0.476606955017114
      ],
      "trial": 41,