{
  "incumbent_ids": [
    63
  ],
  "rejected_config_ids": [
    1,
    10
  ],
  "incumbents_changed": 3,
  "trajectory": [
    {
      "config_ids": [
        1
      ],
      "costs": [
        0.353463828093051
      ],
      "trial": 1,
      "walltime": 537.3548476696014
    },
    {
      "config_ids": [
        10
      ],
      "costs": [
        0.3354157592569079
      ],
      "trial": 9,
      "walltime": 1669.477746963501
    },
    {
      "config_ids": [
        63
      ],
      "costs": [
        0.3168123975700262
      ],
      "trial": 62,
      "walltime": 8502.755509614944
    }
  ],
  "state": {
    "queue": [
      [
        146,
        2
      ],
      [
        147,
        2
      ],
      [
        148,
        2
      ],
      [
        149,
        2
      ],
      [
        150,
        1
      ]
    ]
  }
}