{
  "stats": {
    "submitted": 10,
    "finished": 10,
    "running": 0
  },
  "data": [
    [
      1,
      null,
      209652396,
      null,
      1296.4361112518548,
      0.00024080276489257812,
      1,
      1691945499.8071337,
      1691945499.8082612,
      {}
    ],
    [
      2,
      null,
      209652396,
      null,
      414.7880668578466,
      0.00039505958557128906,
      1,
      1691945499.8236625,
      1691945499.8248868,
      {}
    ],
    [
      3,
      null,
      209652396,
      null,
      3691.585322469747,
      2.193450927734375e-05,
      1,
      1691945500.0163093,
      1691945500.0171869,
      {}
    ],
    [
      4,
      null,
      209652396,
      null,
      1106.4396974038948,
      4.410743713378906e-05,
      1,
      1691945500.0420742,
      1691945500.043234,
      {}
    ],
    [
      5,
      null,
      209652396,
      null,
      506.9388278414176,
      2.5987625122070312e-05,
      1,
      1691945500.0611582,
      1691945500.061817,
      {}
    ],
    [
      6,
      null,
      209652396,
      null,
      247.1555261401,
      1.7881393432617188e-05,
      1,
      1691945500.0800047,
      1691945500.0811458,
      {}
    ],
    [
      7,
      null,
      209652396,
      null,
      62.1139475780807,
      1.8358230590820312e-05,
      1,
      1691945500.0932717,
      1691945500.0939646,
      {}
    ],
    [
      8,
      null,
      209652396,
      null,
      38.32100107536901,
      2.002716064453125e-05,
      1,
      1691945500.1163762,
      1691945500.1172526,
      {}
    ],
    [
      9,
      null,
      209652396,
      null,
      99.7440857601077,
      2.47955322265625e-05,
      1,
      1691945500.1364782,
      1691945500.1373498,
      {}
    ],
    [
      10,
      null,
      209652396,
      null,
      139.6963128042996,
      1.7642974853515625e-05,
      1,
      1691945500.147753,
      1691945500.1482255,
      {}
    ]
  ],
  "configs": {
    "1": {
      "x1": -4.662429578602314,
      "x2": 2.4112939089536667
    },
    "2": {
      "x1": 2.6820622757077217,
      "x2": -5.740029886364937
    },
    "3": {
      "x1": 7.835460015641594,
      "x2": -8.257414005969185
    },
    "4": {
      "x1": 4.30378732744839,
      "x2": -2.3311696234844455
    },
    "5": {
      "x1": 2.917882261333123,
      "x2": 8.51193276585322
    },
    "6": {
      "x1": 2.055267521432878,
      "x2": 5.834500761653292
    },
    "7": {
      "x1": 0.9762700785464951,
      "x2": 9.273255210020587
    },
    "8": {
      "x1": 0.8976636599379368,
      "x2": 0.5778983950580887
    },
    "9": {
      "x1": -1.2482557747461502,
      "x2": -8.579278836042262
    },
    "10": {
      "x1": -1.5269040132219054,
      "x2": 1.3608912218786458
    }
  },
  "config_origins": {
    "1": "Initial Design: Sobol",
    "2": "Initial Design: Sobol",
    "3": "Acquisition Function Maximizer: Random Search (sorted)",
    "4": "Acquisition Function Maximizer: Random Search (sorted)",
    "5": "Acquisition Function Maximizer: Random Search (sorted)",
    "6": "Acquisition Function Maximizer: Random Search (sorted)",
    "7": "Acquisition Function Maximizer: Random Search (sorted)",
    "8": "Acquisition Function Maximizer: Random Search (sorted)",
    "9": "Acquisition Function Maximizer: Random Search (sorted)",
    "10": "Acquisition Function Maximizer: Random Search (sorted)"
  }
}