{
  "stats": {
    "submitted": 10,
    "finished": 10,
    "running": 0
  },
  "data": [
    [
      1,
      null,
      209652396,
      null,
      1285.5423214288635,
      0.00024056434631347656,
      1,
      1692035240.1406224,
      1692035240.1415436,
      {}
    ],
    [
      2,
      null,
      209652396,
      null,
      40.547091066774186,
      0.00028514862060546875,
      1,
      1692035240.1527085,
      1692035240.1537113,
      {}
    ],
    [
      3,
      null,
      209652396,
      null,
      1279.106555489356,
      1.8835067749023438e-05,
      1,
      1692035240.229244,
      1692035240.230554,
      {}
    ],
    [
      4,
      null,
      209652396,
      null,
      2959.2629490657464,
      1.7404556274414062e-05,
      1,
      1692035240.2500248,
      1692035240.250497,
      {}
    ],
    [
      5,
      null,
      209652396,
      null,
      820.8730277372248,
      3.24249267578125e-05,
      1,
      1692035240.3296072,
      1692035240.330522,
      {}
    ],
    [
      6,
      null,
      209652396,
      null,
      1099.9301757877379,
      1.9073486328125e-05,
      1,
      1692035240.4962797,
      1692035240.4967897,
      {}
    ],
    [
      7,
      null,
      209652396,
      null,
      2460.9152646670723,
      2.0742416381835938e-05,
      1,
      1692035240.5532115,
      1692035240.554151,
      {}
    ],
    [
      8,
      null,
      209652396,
      null,
      362.14343553120733,
      1.6689300537109375e-05,
      1,
      1692035240.5735614,
      1692035240.5742736,
      {}
    ],
    [
      9,
      null,
      209652396,
      null,
      1323.862425301482,
      1.7881393432617188e-05,
      1,
      1692035240.6309159,
      1692035240.6313999,
      {}
    ],
    [
      10,
      null,
      209652396,
      null,
      2614.9730343421834,
      3.743171691894531e-05,
      1,
      1692035240.6950586,
      1692035240.6962929,
      {}
    ]
  ],
  "configs": {
    "1": {
      "x1": -4.662429578602314,
      "x2": 2.4112939089536667
    },
    "2": {
      "x1": 0.9762700785464951,
      "x2": 4.30378732744839
    },
    "3": {
      "x1": 4.627753597711203,
      "x2": 4.370031480578373
    },
    "4": {
      "x1": -7.029996225727546,
      "x2": 3.851682533785306
    },
    "5": {
      "x1": 3.724757465924659,
      "x2": 3.4926097834631324
    },
    "6": {
      "x1": 4.292730221305067,
      "x2": 3.3231622332037336
    },
    "7": {
      "x1": 6.410029434696323,
      "x2": 5.481101735964453
    },
    "8": {
      "x1": 2.5055343957439273,
      "x2": 1.2916711869543125
    },
    "9": {
      "x1": 4.6705491702892505,
      "x2": 8.458340462607708
    },
    "10": {
      "x1": 6.6261955378714745,
      "x2": 6.574666862997123
    }
  },
  "config_origins": {
    "1": "Initial Design: Sobol",
    "2": null,
    "3": "Acquisition Function Maximizer: Local Search",
    "4": "Acquisition Function Maximizer: Local Search",
    "5": "Acquisition Function Maximizer: Local Search",
    "6": "Acquisition Function Maximizer: Local Search",
    "7": "Acquisition Function Maximizer: Local Search",
    "8": "Acquisition Function Maximizer: Local Search",
    "9": "Acquisition Function Maximizer: Local Search",
    "10": "Acquisition Function Maximizer: Local Search"
  }
}