{
  "stats": {
    "submitted": 2,
    "finished": 1,
    "running": 1
  },
  "data": [
    [
      1,
      null,
      209652396,
      null,
      1309.651065506117,
      4.291534423828125e-05,
      1,
      1692023770.9829917,
      1692023770.9838881,
      {}
    ],
    [
      2,
      null,
      209652396,
      null,
      2147483647.0,
      0.0,
      0,
      0.0,
      0.0,
      {}
    ]
  ],
  "configs": {
    "1": {
      "x1": -4.662429578602314,
      "x2": 2.4112939089536667
    },
    "2": {
      "x1": 2.6820622757077217,
      "x2": -5.740029886364937
    }
  },
  "config_origins": {
    "1": "Initial Design: Sobol",
    "2": "Initial Design: Sobol"
  }
}