{
  "stats": {
    "submitted": 30,
    "finished": 30,
    "running": 0
  },
  "data": [
    [
      1,
      null,
      209652396,
      null,
      104.0,
      2.1219253540039062e-05,
      1,
      1692851088.33175,
      1692851088.3324006,
      {}
    ],
    [
      2,
      null,
      209652396,
      null,
      57616.0,
      0.0001392364501953125,
      1,
      1692851088.3418727,
      1692851088.3426247,
      {}
    ],
    [
      3,
      null,
      209652396,
      null,
      624164.0,
      1.6927719116210938e-05,
      1,
      1692851088.3534591,
      1692851088.354023,
      {}
    ],
    [
      4,
      null,
      209652396,
      null,
      57636.0,
      1.6689300537109375e-05,
      1,
      1692851088.373242,
      1692851088.3740063,
      {}
    ],
    [
      5,
      null,
      209652396,
      null,
      109.0,
      2.2411346435546875e-05,
      1,
      1692851088.3834152,
      1692851088.3840945,
      {}
    ],
    [
      6,
      null,
      209652396,
      null,
      396949.0,
      2.002716064453125e-05,
      1,
      1692851088.395317,
      1692851088.396124,
      {}
    ],
    [
      7,
      null,
      209652396,
      null,
      19609.0,
      4.220008850097656e-05,
      1,
      1692851088.4178238,
      1692851088.4191387,
      {}
    ],
    [
      8,
      null,
      209652396,
      null,
      901.0,
      9.799003601074219e-05,
      1,
      1692851088.4307153,
      1692851088.431904,
      {}
    ],
    [
      9,
      null,
      209652396,
      null,
      100.0,
      1.9788742065429688e-05,
      1,
      1692851088.454263,
      1692851088.455388,
      {}
    ],
    [
      10,
      null,
      209652396,
      null,
      4904.0,
      0.0003380775451660156,
      1,
      1692851088.4748204,
      1692851088.476106,
      {}
    ],
    [
      11,
      null,
      209652396,
      null,
      220936.0,
      1.7881393432617188e-05,
      1,
      1692851088.485481,
      1692851088.4860146,
      {}
    ],
    [
      12,
      null,
      209652396,
      null,
      6416.0,
      0.00021696090698242188,
      1,
      1692851088.5054052,
      1692851088.5063984,
      {}
    ],
    [
      13,
      null,
      209652396,
      null,
      19625.0,
      1.5974044799804688e-05,
      1,
      1692851088.5151618,
      1692851088.5157073,
      {}
    ],
    [
      14,
      null,
      209652396,
      null,
      980181.0,
      0.000431060791015625,
      1,
      1692851088.5258598,
      1692851088.526932,
      {}
    ],
    [
      15,
      null,
      209652396,
      null,
      108925.0,
      1.9788742065429688e-05,
      1,
      1692851088.5488691,
      1692851088.549736,
      {}
    ],
    [
      16,
      null,
      209652396,
      null,
      101.0,
      1.71661376953125e-05,
      1,
      1692851088.5586095,
      1692851088.560083,
      {}
    ],
    [
      17,
      null,
      209652396,
      null,
      901.0,
      0.000247955322265625,
      1,
      1692851088.5700486,
      1692851088.571017,
      {}
    ],
    [
      18,
      null,
      209652396,
      null,
      122525.0,
      1.8358230590820312e-05,
      1,
      1692851088.5912478,
      1692851088.5925767,
      {}
    ],
    [
      19,
      null,
      209652396,
      null,
      960481.0,
      7.796287536621094e-05,
      1,
      1692851088.6022556,
      1692851088.6033583,
      {}
    ],
    [
      20,
      null,
      209652396,
      null,
      22525.0,
      3.147125244140625e-05,
      1,
      1692851088.6257808,
      1692851088.6263716,
      {}
    ],
    [
      21,
      null,
      209652396,
      null,
      401.0,
      1.6450881958007812e-05,
      1,
      1692851089.1866906,
      1692851089.18727,
      {}
    ],
    [
      22,
      null,
      209652396,
      null,
      129601.0,
      9.822845458984375e-05,
      1,
      1692851089.2099307,
      1692851089.210971,
      {}
    ],
    [
      23,
      null,
      209652396,
      null,
      168100.0,
      1.7881393432617188e-05,
      1,
      1692851089.21973,
      1692851089.2203336,
      {}
    ],
    [
      24,
      null,
      209652396,
      null,
      152100.0,
      2.0503997802734375e-05,
      1,
      1692851089.2430017,
      1692851089.2440248,
      {}
    ],
    [
      25,
      null,
      209652396,
      null,
      168101.0,
      6.532669067382812e-05,
      1,
      1692851089.2527359,
      1692851089.2538764,
      {}
    ],
    [
      26,
      null,
      209652396,
      null,
      176401.0,
      0.00015497207641601562,
      1,
      1692851089.2805743,
      1692851089.2814956,
      {}
    ],
    [
      27,
      null,
      209652396,
      null,
      28936.0,
      2.5033950805664062e-05,
      1,
      1692851089.2919178,
      1692851089.2925825,
      {}
    ],
    [
      28,
      null,
      209652396,
      null,
      4936.0,
      1.7642974853515625e-05,
      1,
      1692851089.3168175,
      1692851089.3173869,
      {}
    ],
    [
      29,
      null,
      209652396,
      null,
      336481.0,
      0.00029206275939941406,
      1,
      1692851089.3299866,
      1692851089.331129,
      {}
    ],
    [
      30,
      null,
      209652396,
      null,
      1.0,
      0.0002110004425048828,
      1,
      1692851089.866047,
      1692851089.8668656,
      {}
    ]
  ],
  "configs": {
    "1": {
      "x0": -1,
      "x1": 2
    },
    "2": {
      "x0": 5,
      "x1": 1
    },
    "3": {
      "x0": 9,
      "x1": 2
    },
    "4": {
      "x0": -5,
      "x1": 1
    },
    "5": {
      "x0": -2,
      "x1": 3
    },
    "6": {
      "x0": 8,
      "x1": 1
    },
    "7": {
      "x0": 4,
      "x1": 2
    },
    "8": {
      "x0": 2,
      "x1": 1
    },
    "9": {
      "x0": 1,
      "x1": 2
    },
    "10": {
      "x0": 3,
      "x1": 2
    },
    "11": {
      "x0": 7,
      "x1": 2
    },
    "12": {
      "x0": -3,
      "x1": 1
    },
    "13": {
      "x0": -4,
      "x1": 2
    },
    "14": {
      "x0": 10,
      "x1": 1
    },
    "15": {
      "x0": 6,
      "x1": 3
    },
    "16": {
      "x0": 0,
      "x1": 1
    },
    "17": {
      "x0": 0,
      "x1": 3
    },
    "18": {
      "x0": 6,
      "x1": 1
    },
    "19": {
      "x0": 10,
      "x1": 2
    },
    "20": {
      "x0": -4,
      "x1": 1
    },
    "21": {
      "x0": 0,
      "x1": 2
    },
    "22": {
      "x0": 2,
      "x1": 40
    },
    "23": {
      "x0": 1,
      "x1": 42
    },
    "24": {
      "x0": 1,
      "x1": 40
    },
    "25": {
      "x0": 0,
      "x1": 41
    },
    "26": {
      "x0": 0,
      "x1": 42
    },
    "27": {
      "x0": -5,
      "x1": 42
    },
    "28": {
      "x0": 7,
      "x1": 42
    },
    "29": {
      "x0": 10,
      "x1": 42
    },
    "30": {
      "x0": 0,
      "x1": 0
    }
  },
  "config_origins": {
    "1": "Initial Design: Sobol",
    "2": "Initial Design: Sobol",
    "3": "Initial Design: Sobol",
    "4": "Initial Design: Sobol",
    "5": "Initial Design: Sobol",
    "6": "Initial Design: Sobol",
    "7": "Initial Design: Sobol",
    "8": "Initial Design: Sobol",
    "9": "Initial Design: Sobol",
    "10": "Initial Design: Sobol",
    "11": "Initial Design: Sobol",
    "12": "Initial Design: Sobol",
    "13": "Initial Design: Sobol",
    "14": "Initial Design: Sobol",
    "15": "Initial Design: Sobol",
    "16": "Initial Design: Sobol",
    "17": "Initial Design: Sobol",
    "18": "Initial Design: Sobol",
    "19": "Initial Design: Sobol",
    "20": "Initial Design: Sobol",
    "21": "Acquisition Function Maximizer: Local Search",
    "22": "Acquisition Function Maximizer: Random Search (sorted)",
    "23": "Acquisition Function Maximizer: Random Search (sorted)",
    "24": "Acquisition Function Maximizer: Local Search",
    "25": "Acquisition Function Maximizer: Local Search",
    "26": "Acquisition Function Maximizer: Local Search",
    "27": "Random Search",