{
  "stats": {
    "submitted": 41,
    "finished": 41,
    "running": 0
  },
  "data": [
    [
      1,
      null,
      209652396,
      null,
      313604.0,
      2.3603439331054688e-05,
      1,
      1692851461.2125506,
      1692851461.2131658,
      {}
    ],
    [
      2,
      null,
      209652396,
      null,
      116.0,
      2.6702880859375e-05,
      1,
      1692851461.2217708,
      1692851461.2223988,
      {}
    ],
    [
      3,
      null,
      209652396,
      null,
      964.0,
      1.9311904907226562e-05,
      1,
      1692851461.2341685,
      1692851461.2347374,
      {}
    ],
    [
      4,
      null,
      209652396,
      null,
      12136.0,
      2.3126602172851562e-05,
      1,
      1692851461.2547703,
      1692851461.2553937,
      {}
    ],
    [
      5,
      null,
      209652396,
      null,
      1102509.0,
      2.0503997802734375e-05,
      1,
      1692851461.2671974,
      1692851461.267863,
      {}
    ],
    [
      6,
      null,
      209652396,
      null,
      129649.0,
      2.09808349609375e-05,
      1,
      1692851461.2867732,
      1692851461.287344,
      {}
    ],
    [
      7,
      null,
      209652396,
      null,
      324909.0,
      0.00031113624572753906,
      1,
      1692851461.298809,
      1692851461.2998493,
      {}
    ],
    [
      8,
      null,
      209652396,
      null,
      22501.0,
      1.9311904907226562e-05,
      1,
      1692851461.3206792,
      1692851461.3213918,
      {}
    ],
    [
      9,
      null,
      209652396,
      null,
      846400.0,
      2.1696090698242188e-05,
      1,
      1692851461.3308582,
      1692851461.3314443,
      {}
    ],
    [
      10,
      null,
      209652396,
      null,
      96104.0,
      3.4332275390625e-05,
      1,
      1692851461.3529093,
      1692851461.3535094,
      {}
    ],
    [
      11,
      null,
      209652396,
      null,
      136.0,
      0.00014162063598632812,
      1,
      1692851461.3741286,
      1692851461.3755293,
      {}
    ],
    [
      12,
      null,
      209652396,
      null,
      12116.0,
      1.9311904907226562e-05,
      1,
      1692851461.3845189,
      1692851461.385076,
      {}
    ],
    [
      13,
      null,
      209652396,
      null,
      220925.0,
      4.887580871582031e-05,
      1,
      1692851461.4059494,
      1692851461.4070132,
      {}
    ],
    [
      14,
      null,
      209652396,
      null,
      705681.0,
      0.00022482872009277344,
      1,
      1692851461.425544,
      1692851461.4264996,
      {}
    ],
    [
      15,
      null,
      209652396,
      null,
      705625.0,
      5.650520324707031e-05,
      1,
      1692851461.4371655,
      1692851461.4379168,
      {}
    ],
    [
      16,
      null,
      209652396,
      null,
      90001.0,
      2.0265579223632812e-05,
      1,
      1692851461.4482768,
      1692851461.449543,
      {}
    ],
    [
      17,
      null,
      209652396,
      null,
      1232101.0,
      5.5789947509765625e-05,
      1,
      1692851461.4681904,
      1692851461.469048,
      {}
    ],
    [
      18,
      null,
      209652396,
      null,
      1625.0,
      0.00010848045349121094,
      1,
      1692851461.4788141,
      1692851461.4804747,
      {}
    ],
    [
      19,
      null,
      209652396,
      null,
      168181.0,
      2.0503997802734375e-05,
      1,
      1692851461.50361,
      1692851461.504212,
      {}
    ],
    [
      20,
      null,
      209652396,
      null,
      125.0,
      2.3126602172851562e-05,
      1,
      1692851461.511623,
      1692851461.512196,
      {}
    ],
    [
      21,
      null,
      209652396,
      null,
      384464.0,
      0.00037932395935058594,
      1,
      1692851461.9212642,
      1692851461.9238572,
      {}
    ],
    [
      22,
      null,
      209652396,
      null,
      348164.0,
      3.24249267578125e-05,
      1,
      1692851462.0631995,
      1692851462.0641322,
      {}
    ],
    [
      23,
      null,
      209652396,
      null,
      409664.0,
      1.7404556274414062e-05,
      1,
      1692851462.084196,
      1692851462.0847208,
      {}
    ],
    [
      24,
      null,
      209652396,
      null,
      291664.0,
      0.00011086463928222656,
      1,
      1692851462.0943165,
      1692851462.095229,
      {}
    ],
    [
      25,
      null,
      209652396,
      null,
      656181.0,
      0.0003788471221923828,
      1,
      1692851462.1169162,
      1692851462.1181214,
      {}
    ],
    [
      26,
      null,
      209652396,
      null,
      608481.0,
      0.0009195804595947266,
      1,
      1692851462.1253736,
      1692851462.1270137,
      {}
    ],
    [
      27,
      null,
      209652396,
      null,
      144449.0,
      0.0004603862762451172,
      1,
      1692851462.1462412,
      1692851462.1481297,
      {}
    ],
    [
      28,
      null,
      209652396,
      null,
      372164.0,
      1.6450881958007812e-05,
      1,
      1692851462.1727045,
      1692851462.1732337,
      {}
    ],
    [
      29,
      null,
      209652396,
      null,
      16.0,
      2.4318695068359375e-05,
      1,
      1692851462.4616148,
      1692851462.4630542,
      {}
    ],
    [
      30,
      null,
      209652396,
      null,
      36136.0,
      2.0503997802734375e-05,
      1,
      1692851462.4847105,
      1692851462.4860508,
      {}
    ],
    [
      31,
      null,
      209652396,
      null,
      32436.0,
      0.000263214111328125,
      1,
      1692851462.493921,
      1692851462.4947274,
      {}
    ],
    [
      32,
      null,
      209652396,
      null,
      22536.0,
      1.9311904907226562e-05,
      1,
      1692851462.5148203,
      1692851462.515379,
      {}
    ],
    [
      33,
      null,
      209652396,
      null,
      220901.0,
      4.3392181396484375e-05,
      1,
      1692851462.5275772,
      1692851462.528905,
      {}
    ],
    [
      34,
      null,
      209652396,
      null,
      102436.0,
      1.9073486328125e-05,
      1,
      1692851462.5378757,
      1692851462.5384538,
      {}
    ],
    [
      35,
      null,
      209652396,
      null,
      168109.0,
      0.00032019615173339844,
      1,
      1692851462.5500925,
      1692851462.5515282,
      {}
    ],
    [
      36,
      null,
      209652396,
      null,
      36.0,
      2.4080276489257812e-05,
      1,
      1692851462.5704496,
      1692851462.5710309,
      {}
    ],
    [
      37,
      null,
      209652396,
      null,
      12125.0,
      1.8596649169921875e-05,
      1,
      1692851462.9067233,
      1692851462.9073238,
      {}
    ],
    [
      38,
      null,
      209652396,
      null,
      32409.0,
      0.00019502639770507812,
      1,
      1692851462.9278872,
      1692851462.928804,
      {}
    ],
    [
      39,
      null,
      209652396,
      null,
      116.0,
      0.0010569095611572266,
      1,
      1692851462.9392748,
      1692851462.9416363,
      {}
    ],
    [
      40,
      null,
      209652396,
      null,
      14425.0,
      0.0003211498260498047,
      1,
      1692851462.9600384,
      1692851462.9617908,
      {}
    ],
    [
      41,
      null,
      209652396,
      null,
      48401.0,
      0.00160980224609375,
      1,
      1692851462.9728172,
      1692851462.97511,
      {}
    ]
  ],
  "configs": {
    "1": {
      "x0": -1,
      "x1": 57
    },
    "2": {
      "x0": 5,
      "x1": 24
    },
    "3": {
      "x0": 9,
      "x1": 84
    },
    "4": {
      "x0": -5,
      "x1": 36
    },
    "5": {
      "x0": -2,
      "x1": 109
    },
    "6": {
      "x0": 8,
      "x1": 28
    },
    "7": {
      "x0": 4,
      "x1": 73
    },
    "8": {
      "x0": 2,
      "x1": 19
    },
    "9": {
      "x0": 1,
      "x1": 93
    },
    "10": {
      "x0": 3,
      "x1": 40
    },
    "11": {
      "x0": 7,
      "x1": 48
    },
    "12": {
      "x0": -3,
      "x1": 20
    },