{
  "stats": {
    "submitted": 20,
    "finished": 19,
    "running": 1
  },
  "data": [
    [
      1,
      null,
      209652396,
      null,
      4.0,
      2.3365020751953125e-05,
      1,
      1692851041.1391122,
      1692851041.139967,
      {}
    ],
    [
      2,
      null,
      209652396,
      null,
      62516.0,
      0.0001735687255859375,
      1,
      1692851041.147882,
      1692851041.1493394,
      {}
    ],
    [
      3,
      null,
      209652396,
      null,
      640064.0,
      1.9073486328125e-05,
      1,
      1692851041.171679,
      1692851041.1730897,
      {}
    ],
    [
      4,
      null,
      209652396,
      null,
      62536.0,
      3.838539123535156e-05,
      1,
      1692851041.182423,
      1692851041.1835585,
      {}
    ],
    [
      5,
      null,
      209652396,
      null,
      909.0,
      2.2649765014648438e-05,
      1,
      1692851041.2060506,
      1692851041.2069793,
      {}
    ],
    [
      6,
      null,
      209652396,
      null,
      409649.0,
      9.34600830078125e-05,
      1,
      1692851041.2164335,
      1692851041.2171764,
      {}
    ],
    [
      7,
      null,
      209652396,
      null,
      22509.0,
      4.4345855712890625e-05,
      1,
      1692851041.2398279,
      1692851041.241202,
      {}
    ],
    [
      8,
      null,
      209652396,
      null,
      1601.0,
      0.00016641616821289062,
      1,
      1692851041.2610114,
      1692851041.2618625,
      {}
    ],
    [
      9,
      null,
      209652396,
      null,
      0.0,
      4.3392181396484375e-05,
      1,
      1692851041.272044,
      1692851041.273457,
      {}
    ],
    [
      10,
      null,
      209652396,
      null,
      8104.0,
      2.8371810913085938e-05,
      1,
      1692851041.29776,
      1692851041.2989402,
      {}
    ],
    [
      11,
      null,
      209652396,
      null,
      230436.0,
      8.797645568847656e-05,
      1,
      1692851041.3186266,
      1692851041.320451,
      {}
    ],
    [
      12,
      null,
      209652396,
      null,
      8116.0,
      2.288818359375e-05,
      1,
      1692851041.3621752,
      1692851041.3635952,
      {}
    ],
    [
      13,
      null,
      209652396,
      null,
      22525.0,
      5.0067901611328125e-05,
      1,
      1692851041.383962,
      1692851041.3852074,
      {}
    ],
    [
      14,
      null,
      209652396,
      null,
      1000081.0,
      2.288818359375e-05,
      1,
      1692851041.4043267,
      1692851041.4058585,
      {}
    ],
    [
      15,
      null,
      209652396,
      null,
      122525.0,
      8.058547973632812e-05,
      1,
      1692851041.4288304,
      1692851041.4298651,
      {}
    ],
    [
      16,
      null,
      209652396,
      null,
      1.0,
      0.00010347366333007812,
      1,
      1692851041.4477804,
      1692851041.4494877,
      {}
    ],
    [
      17,
      null,
      209652396,
      null,
      101.0,
      0.0002582073211669922,
      1,
      1692851041.4708457,
      1692851041.4721992,
      {}
    ],
    [
      18,
      null,
      209652396,
      null,
      129625.0,
      3.7670135498046875e-05,
      1,
      1692851041.4935055,
      1692851041.4945729,
      {}
    ],
    [
      19,
      null,
      209652396,
      null,
      980181.0,
      0.00020885467529296875,
      1,
      1692851041.5055947,
      1692851041.5070567,
      {}
    ],
    [
      20,
      null,
      209652396,
      null,
      2147483647.0,
      0.0,
      0,
      0.0,
      0.0,
      {}
    ]
  ],
  "configs": {
    "1": {
      "x0": -1,
      "x1": 1
    },
    "2": {
      "x0": 5,
      "x1": 0
    },
    "3": {
      "x0": 9,
      "x1": 1
    },
    "4": {
      "x0": -5,
      "x1": 0
    },
    "5": {
      "x0": -2,
      "x1": 1
    },
    "6": {
      "x0": 8,
      "x1": 0
    },
    "7": {
      "x0": 4,
      "x1": 1
    },
    "8": {
      "x0": 2,
      "x1": 0
    },
    "9": {
      "x0": 1,
      "x1": 1
    },
    "10": {
      "x0": 3,
      "x1": 0
    },
    "11": {
      "x0": 7,
      "x1": 1
    },
    "12": {
      "x0": -3,
      "x1": 0
    },
    "13": {
      "x0": -4,
      "x1": 1
    },
    "14": {
      "x0": 10,
      "x1": 0
    },
    "15": {
      "x0": 6,
      "x1": 1
    },
    "16": {
      "x0": 0,
      "x1": 0
    },
    "17": {
      "x0": 0,
      "x1": 1
    },
    "18": {
      "x0": 6,
      "x1": 0
    },
    "19": {
      "x0": 10,
      "x1": 1
    },
    "20": {
      "x0": -4,
      "x1": 0
    }
  },
  "config_origins": {
    "1": "Initial Design: Sobol",
    "2": "Initial Design: Sobol",
    "3": "Initial Design: Sobol",
    "4": "Initial Design: Sobol",
    "5": "Initial Design: Sobol",
    "6": "Initial Design: Sobol",
    "7": "Initial Design: Sobol",
    "8": "Initial Design: Sobol",
    "9": "Initial Design: Sobol",
    "10": "Initial Design: Sobol",
    "11": "Initial Design: Sobol",
    "12": "Initial Design: Sobol",
    "13": "Initial Design: Sobol",
    "14": "Initial Design: Sobol",
    "15": "Initial Design: Sobol",
    "16": "Initial Design: Sobol",
    "17": "Initial Design: Sobol",
    "18": "Initial Design: Sobol",
    "19": "Initial Design: Sobol",
    "20": "Initial Design: Sobol"
  }
}