{
  "stats": {
    "submitted": 2,
    "finished": 1,
    "running": 1
  },
  "data": [
    [
      1,
      null,
      209652396,
      null,
      0.0,
      1.4543533325195312e-05,
      1,
      1692796658.6590323,
      1692796658.6599145,
      {}
    ],
    [
      2,
      null,
      209652396,
      null,
      2147483647.0,
      0.0,
      0,
      0.0,
      0.0,
      {}
    ]
  ],
  "configs": {
    "1": {
      "x0": 1,
      "x1": 1
    },
    "2": {
      "x0": 511,
      "x1": 3
    }
  },
  "config_origins": {
    "1": "Initial Design: Sobol",
    "2": null
  }
}