{
  "stats": {
    "submitted": 20,
    "finished": 20,
    "running": 0
  },
  "data": [
    [
      1,
      null,
      209652396,
      null,
      1309.8037681178243,
      0.00035762786865234375,
      1,
      1691950104.1094754,
      1691950104.1111288,
      {}
    ],
    [
      2,
      null,
      209652396,
      null,
      410.84596672572223,
      0.00048351287841796875,
      1,
      1691950104.1225612,
      1691950104.1237419,
      {}
    ],
    [
      3,
      null,
      209652396,
      null,
      3442.289275098147,
      2.2411346435546875e-05,
      1,
      1691950104.147398,
      1691950104.1480148,
      {}
    ],
    [
      4,
      null,
      209652396,
      null,
      5380.411407507158,
      1.9788742065429688e-05,
      1,
      1691950104.1668901,
      1691950104.1675029,
      {}
    ],
    [
      5,
      null,
      209652396,
      null,
      1581.7592722046832,
      3.600120544433594e-05,
      1,
      1691950104.1883502,
      1691950104.1889522,
      {}
    ],
    [
      6,
      null,
      209652396,
      null,
      3685.066799296476,
      2.09808349609375e-05,
      1,
      1691950104.3242726,
      1691950104.3248944,
      {}
    ],
    [
      7,
      null,
      209652396,
      null,
      1097.783194352297,
      2.1696090698242188e-05,
      1,
      1691950104.3458307,
      1691950104.3463678,
      {}
    ],
    [
      8,
      null,
      209652396,
      null,
      520.1605678194808,
      1.8358230590820312e-05,
      1,
      1691950104.3578136,
      1691950104.3583248,
      {}
    ],
    [
      9,
      null,
      209652396,
      null,
      255.14833704255165,
      1.9073486328125e-05,
      1,
      1691950104.3798165,
      1691950104.3803768,
      {}
    ],
    [
      10,
      null,
      209652396,
      null,
      77.06601635857155,
      5.054473876953125e-05,
      1,
      1691950104.392959,
      1691950104.3939865,
      {}
    ],
    [
      11,
      null,
      209652396,
      null,
      45.87356090077717,
      1.7642974853515625e-05,
      1,
      1691950104.41622,
      1691950104.4167483,
      {}
    ],
    [
      12,
      null,
      209652396,
      null,
      106.61566050394862,
      1.7881393432617188e-05,
      1,
      1691950104.4377618,
      1691950104.4382823,
      {}
    ],
    [
      13,
      null,
      209652396,
      null,
      133.70481709259093,
      1.9073486328125e-05,
      1,
      1691950104.4481282,
      1691950104.4487615,
      {}
    ],
    [
      14,
      null,
      209652396,
      null,
      206.3649110959006,
      1.6450881958007812e-05,
      1,
      1691950104.6951072,
      1691950104.6955845,
      {}
    ],
    [
      15,
      null,
      209652396,
      null,
      6.520555887426142,
      2.4557113647460938e-05,
      1,
      1691950104.7166967,
      1691950104.7185595,
      {}
    ],
    [
      16,
      null,
      209652396,
      null,
      3.371324383994643,
      2.47955322265625e-05,
      1,
      1691950104.7392044,
      1691950104.7397826,
      {}
    ],
    [
      17,
      null,
      209652396,
      null,
      85.58403414093326,
      1.9311904907226562e-05,
      1,
      1691950104.751426,
      1691950104.7519238,
      {}
    ],
    [
      18,
      null,
      209652396,
      null,
      236.2094946278795,
      1.8596649169921875e-05,
      1,
      1691950104.7726352,
      1691950104.7731814,
      {}
    ],
    [
      19,
      null,
      209652396,
      null,
      158.92946343190587,
      2.3126602172851562e-05,
      1,
      1691950104.7944195,
      1691950104.7950175,
      {}
    ],
    [
      20,
      null,
      209652396,
      null,
      50.46426605373119,
      1.8358230590820312e-05,
      1,
      1691950104.8163247,
      1691950104.8170333,
      {}
    ]
  ],
  "configs": {
    "1": {
      "x1": -4.662429578602314,
      "x2": 2.4112939089536667
    },
    "2": {
      "x1": 2.6820622757077217,
      "x2": -5.740029886364937
    },
    "3": {
      "x1": 7.5668153166770935,
      "x2": 6.050417106598616
    },
    "4": {
      "x1": -9.46403183043003,
      "x2": -2.097087223082781
    },
    "5": {
      "x1": -5.124674569815397,
      "x2": 8.601044472306967
    },
    "6": {
      "x1": 7.835460015641594,
      "x2": -8.257414005969185
    },
    "7": {
      "x1": 4.30378732744839,
      "x2": -2.3311696234844455
    },
    "8": {
      "x1": 2.917882261333123,
      "x2": 8.51193276585322
    },
    "9": {
      "x1": 2.055267521432878,
      "x2": 5.834500761653292
    },
    "10": {
      "x1": 0.9762700785464951,
      "x2": 9.273255210020587
    },
    "11": {
      "x1": 0.8976636599379368,
      "x2": 0.5778983950580887
    },
    "12": {
      "x1": -1.2482557747461502,
      "x2": -8.579278836042262
    },
    "13": {
      "x1": -1.5269040132219054,
      "x2": 1.3608912218786458
    },
    "14": {
      "x1": 1.875707936888455,
      "x2": 0.4376372155437025
    },
    "15": {
      "x1": 0.08651587769469771,
      "x2": 4.508968434806118
    },
    "16": {
      "x1": -0.3280424892456182,
      "x2": 2.9592896355769316
    },
    "17": {
      "x1": 1.24506273643102,
      "x2": 1.2394204483696143
    },
    "18": {
      "x1": 1.992307044065626,
      "x2": -0.0767982701798271
    },
    "19": {
      "x1": 1.6467621302167288,
      "x2": 3.616756978851374
    },
    "20": {
      "x1": -0.876993355669029,
      "x2": 1.3686789773729693
    }
  },
  "config_origins": {
    "1": "Initial Design: Sobol",
    "2": "Initial Design: Sobol",
    "3": "Initial Design: Sobol",
    "4": "Initial Design: Sobol",
    "5": "Initial Design: Sobol",
    "6": "Acquisition Function Maximizer: Random Search (sorted)",
    "7": "Acquisition Function Maximizer: Random Search (sorted)",
    "8": "Acquisition Function Maximizer: Random Search (sorted)",
    "9": "Acquisition Function Maximizer: Random Search (sorted)",
    "10": "Acquisition Function Maximizer: Random Search (sorted)",
    "11": "Acquisition Function Maximizer: Random Search (sorted)",
    "12": "Acquisition Function Maximizer: Random Search (sorted)",
    "13": "Acquisition Function Maximizer: Random Search (sorted)",
    "14": "Acquisition Function Maximizer: Local Search",
    "15": "Acquisition Function Maximizer: Local Search",
    "16": "Acquisition Function Maximizer: Local Search",
    "17": "Acquisition Function Maximizer: Local Search",
    "18": "Acquisition Function Maximizer: Local Search",
    "19": "Acquisition Function Maximizer: Local Search",
    "20": "Random Search"
  }
}