{
  "stats": {
    "submitted": 2,
    "finished": 1,
    "running": 1
  },
  "data": [
    [
      1,
      null,
      209652396,
      null,
      1327.1708897070548,
      0.0005486011505126953,
      1,
      1692029801.3561916,
      1692029801.3580115,
      {}
    ],
    [
      2,
      null,
      209652396,
      null,
      2147483647.0,
      0.0,
      0,
      0.0,
      0.0,
      {}
    ]
  ],
  "configs": {
    "1": {
      "x1": -4.662429578602314,
      "x2": 2.4112939089536667
    },
    "2": {
      "x1": 0.9762700785464951,
      "x2": 4.30378732744839
    }
  },
  "config_origins": {
    "1": "Initial Design: Sobol",
    "2": null
  }
}